Loan_ID,Gender,Married,Dependents,Education,Self_Employed,ApplicantIncome,CoapplicantIncome,TotalIncome,loan_amnt,Loan_Amount_Term,Credit_History,Property_Area,home_ownership,purpose,title,Loan_Status
LP001002,Male,No,0,Graduate,No,140000,58490,198490,61131,Short Term,21.8,Urban,RENT,Debt Consolidation,Computer,Y
LP001003,Male,Yes,1,Graduate,No,16000,4583,20583,16000,Short Term,19.4,Rural,RENT,Debt Consolidation,bike,N
LP001005,Male,Yes,0,Graduate,Yes,11050,3000,14050,11050,Short Term,12.5,Urban,RENT,Debt Consolidation,real estate business,Y
LP001006,Male,Yes,0,Not Graduate,No,35000,2583,37583,35000,Short Term,16.5,Urban,RENT,Debt Consolidation,personel,Y
LP001008,Male,No,0,Graduate,No,6500,0,6500,6500,Short Term,26,Urban,RENT,Debt Consolidation,Personal,Y
LP001011,Male,Yes,2,Graduate,Yes,13475,5417,18892,13475,Short Term,13.8,Urban,RENT,Debt Consolidation,My wedding loan I promise to pay back,Y
LP001013,Male,Yes,0,Not Graduate,No,5000,2333,7333,5000,Long Term,15.3,Urban,RENT,Debt Consolidation,Loan,Y
LP001014,Male,Yes,3,Graduate,No,10000,3036,13036,10000,Long Term,5.8,Semiurban,RENT,Debt Consolidation,Car Downpayment,N
LP001018,Male,Yes,2,Graduate,No,30000,4006,34006,30000,Short Term,20.5,Urban,OWN,Debt Consolidation,Expand Business & Buy Debt Portfolio,Y
LP001020,Male,Yes,1,Graduate,No,7000,12841,19841,7000,Long Term,24.4,Semiurban,RENT,Debt Consolidation,Building my credit history.,N
LP001024,Male,Yes,2,Graduate,No,6000,3200,9200,6000,Short Term,19.2,Urban,OWN,Debt Consolidation,High intrest Consolidation,Y
LP001027,Male,Yes,2,Graduate,,6000,2500,8500,6000,Short Term,14.6,Urban,OWN,Debt Consolidation,Consolidation,Y
LP001028,Male,Yes,2,Graduate,No,21600,3073,24673,21600,Short Term,9.5,Urban,RENT,other,freedom,Y
LP001029,Male,No,0,Graduate,No,17000,0,17000,17000,Long Term,21.7,Rural,RENT,Debt Consolidation,citicard fund,N
LP001030,Male,Yes,2,Graduate,No,10000,0,10000,10000,Short Term,17.9,Urban,RENT,Debt Consolidation,Other Loan,Y
LP001032,Male,No,0,Graduate,No,30000,4950,34950,30000,Short Term,18.2,Urban,RENT,Debt Consolidation,Debt Consolidation Loan,Y
LP001034,Male,No,1,Not Graduate,No,6350,3596,9946,6350,Short Term,35.8,Urban,RENT,Debt Consolidation,Home,Y
LP001036,Female,No,0,Graduate,No,1200,3510,4710,1200,Short Term,24.5,Urban,MORTGAGE,Home Improvements,Holiday,N
LP001038,Male,Yes,0,Not Graduate,No,20000,4887,24887,20000,Short Term,17,Rural,MORTGAGE,Debt Consolidation,Medical,N
LP001041,Male,Yes,0,Graduate,,27600,2600,30200,27600,Long Term,17.3,Urban,RENT,Debt Consolidation,lowerratemeanseasiertogetoutofdebt!,Y
LP001043,Male,Yes,0,Not Graduate,No,35000,0,35000,35000,Short Term,17.6,Urban,RENT,Debt Consolidation,Freedom From Credit Cards,N
LP001046,Male,Yes,1,Graduate,No,5750,0,5750,5750,Short Term,31.9,Urban,RENT,Other,Debt Cleanup,Y
LP001047,Male,Yes,0,Not Graduate,No,22500,2600,25100,22500,Long Term,15.5,Semiurban,OWN,Debt Consolidation,Credit Card Loan,N
LP001050,,Yes,2,Not Graduate,No,11500,3365,14865,11500,Short Term,16.4,Rural,RENT,Debt Consolidation,Debt Consolidation,N
LP001052,Male,Yes,1,Graduate,,35000,3717,38717,35000,Short Term,9.6,Semiurban,RENT,Debt Consolidation,cash,N
LP001066,Male,Yes,0,Graduate,Yes,35000,9560,44560,35000,Long Term,17.5,Semiurban,MORTGAGE,Debt Consolidation,No more credit card debt!,Y
LP001068,Male,Yes,0,Graduate,No,24000,2799,26799,24000,Short Term,20.4,Semiurban,RENT,Debt Consolidation,consolidation,Y
LP001073,Male,Yes,2,Not Graduate,No,18000,4226,22226,18000,Short Term,19.9,Urban,RENT,Business Loan,Other,Y
LP001086,Male,No,0,Not Graduate,No,20000,0,20000,20000,Short Term,8.2,Urban,MORTGAGE,Debt Consolidation,Debt Consolidation,N
LP001087,Female,No,2,Graduate,,20000,0,20000,20000,Long Term,15.9,Semiurban,RENT,Debt Consolidation,Credit card repayment loan,Y
LP001091,Male,Yes,1,Graduate,,20000,0,20000,20000,Short Term,15.5,Urban,MORTGAGE,Debt Consolidation,Debt Consolidation,N
LP001095,Male,No,0,Graduate,No,12000,0,12000,12000,Short Term,11,Urban,MORTGAGE,Take a Trip,Debt Consolidation Loan,N
LP001097,Male,No,1,Graduate,Yes,15600,0,15600,15600,Short Term,27.3,Rural,RENT,Debt Consolidation,Brown Eyes Loan,N
LP001098,Male,Yes,0,Graduate,No,7000,0,7000,7000,Long Term,21,Semiurban,RENT,Debt Consolidation,Consolidation,Y
LP001100,Male,No,3,Graduate,No,6525,12500,19025,6525,Long Term,22.4,Rural,RENT,small_business,Credit Card Loan,N
LP001106,Male,Yes,0,Graduate,No,5000,2275,7275,5000,Long Term,14.4,Urban,RENT,other,December 2011 Credit Card Loan,Y
LP001109,Male,Yes,0,Graduate,No,21550,1828,23378,21550,Short Term,15.6,Urban,RENT,Debt Consolidation,Moving to better job; help a veteran!,N
LP001112,Female,Yes,0,Graduate,No,10000,0,10000,10000,Short Term,14,Semiurban,RENT,other,Debt Consolidation Loan,Y
LP001114,Male,No,0,Graduate,No,8500,4166,12666,8500,Short Term,22,Urban,RENT,Debt Consolidation,Credit Card Consolidation,Y
LP001116,Male,No,0,Not Graduate,No,13225,0,13225,13225,Short Term,17.5,Semiurban,RENT,Debt Consolidation,Credit card debt,Y
LP001119,Male,No,0,Graduate,No,12000,3600,15600,12000,Long Term,26,Urban,RENT,Debt Consolidation,Other Loan,N
LP001120,Male,No,0,Graduate,No,20000,0,20000,20000,Short Term,12.8,Urban,RENT,Debt Consolidation,Debt Consolidation,Y
LP001123,Male,Yes,0,Graduate,No,3200,2400,5600,3200,Short Term,25,Urban,MORTGAGE,Debt Consolidation,Year End Cleanup,Y
LP001131,Male,Yes,0,Graduate,No,15000,3941,18941,15000,Short Term,19.1,Semiurban,RENT,Home Improvements,debt,Y
LP001136,Male,Yes,0,Not Graduate,Yes,27525,4695,32220,27525,Short Term,22.8,Urban,MORTGAGE,Debt Consolidation,Debt-Consolidation ,Y
LP001137,Female,No,0,Graduate,No,24000,0,24000,24000,Short Term,8.5,Urban,RENT,Debt Consolidation,Small Business Loan,Y
LP001138,Male,Yes,1,Graduate,No,30000,5649,35649,30000,Short Term,22.3,Urban,MORTGAGE,Debt Consolidation,Debt Consolidation for a better life,Y
LP001144,Male,Yes,0,Graduate,No,15000,0,15000,15000,Short Term,10.5,Urban,RENT,Debt Consolidation,Other Loan,Y
LP001146,Female,Yes,0,Graduate,No,18000,2645,20645,18000,Long Term,31.9,Urban,RENT,other,Credit Card Loan,N
LP001151,Female,No,0,Graduate,No,35000,4000,39000,35000,Long Term,17.3,Semiurban,RENT,Debt Consolidation,Debt Consolitation ,Y
LP001155,Female,Yes,0,Not Graduate,No,10000,1928,11928,10000,Short Term,26.4,Semiurban,MORTGAGE,Debt Consolidation,Debt Consolidation Loan,Y
LP001157,Female,No,0,Graduate,No,16000,3086,19086,16000,Long Term,15,Semiurban,RENT,Debt Consolidation,Credit card refinance loan,Y
LP001164,Female,No,0,Graduate,No,35000,4230,39230,35000,Long Term,14,Semiurban,RENT,Debt Consolidation,Loan 12142011,N
LP001179,Male,Yes,2,Graduate,No,3000,4616,7616,3000,Short Term,17.6,Urban,RENT,Debt Consolidation,Car Loan,N
LP001186,Female,Yes,1,Graduate,Yes,30000,11500,41500,30000,Long Term,33.1,Urban,RENT,Debt Consolidation,Credit Cards,N
LP001194,Male,Yes,2,Graduate,No,12000,2708,14708,12000,Long Term,8.5,Semiurban,RENT,Debt Consolidation, Bill pay of,Y
LP001195,Male,Yes,0,Graduate,No,21000,2132,23132,21000,Short Term,16.8,Semiurban,RENT,Debt Consolidation,refinance debt,Y
LP001197,Male,Yes,0,Graduate,No,15225,3366,18591,15225,Long Term,21.7,Rural,OWN,Debt Consolidation,Debt Consolidation Loan,N
LP001198,Male,Yes,1,Graduate,No,23675,8080,31755,23675,Long Term,21.9,Urban,RENT,Debt Consolidation,My End to Bad Spending Habits Plan,Y
LP001199,Male,Yes,2,Not Graduate,No,7200,3357,10557,7200,Long Term,15.9,Urban,MORTGAGE,Debt Consolidation,To pay of all debt,Y
LP001205,Male,Yes,0,Graduate,No,4000,2500,6500,4000,Short Term,14.8,Urban,MORTGAGE,Debt Consolidation,Debt Consolidation Loan,Y
LP001206,Male,Yes,3,Graduate,No,19575,3029,22604,19575,Long Term,26.7,Urban,RENT,Debt Consolidation,Start Up,Y
LP001207,Male,Yes,0,Not Graduate,Yes,2000,2609,4609,2000,Short Term,12.5,Rural,RENT,other,Debt Consolidation Loan,N
LP001213,Male,Yes,1,Graduate,No,3600,4945,8545,3600,Short Term,33.5,Rural,RENT,Medical Bills,Debt Consolidation Loan,N
LP001222,Female,No,0,Graduate,No,10000,4166,14166,10000,Long Term,8,Semiurban,RENT,Debt Consolidation,Consolidation,N
LP001225,Male,Yes,0,Graduate,No,8000,5726,13726,8000,Short Term,31,Semiurban,MORTGAGE,Debt Consolidation,blessings,N
LP001228,Male,No,0,Not Graduate,No,15000,3200,18200,15000,Short Term,19.6,Urban,RENT,Debt Consolidation,allen,N
LP001233,Male,Yes,1,Graduate,No,22750,10750,33500,22750,Short Term,15.7,Urban,RENT,Debt Consolidation,New Start,Y
LP001238,Male,Yes,3,Not Graduate,Yes,11200,7100,18300,11200,Short Term,17.1,Urban,RENT,Debt Consolidation,Small_Business Loan,Y
LP001241,Female,No,0,Graduate,No,8325,4300,12625,8325,Short Term,21.7,Semiurban,OWN,Debt Consolidation,Credit Refinance,N
LP001243,Male,Yes,0,Graduate,No,22000,3208,25208,22000,Short Term,20.5,Urban,MORTGAGE,Debt Consolidation,Refinance Loan,Y
LP001245,Male,Yes,2,Not Graduate,Yes,20000,1875,21875,20000,Short Term,37.5,Semiurban,RENT,Debt Consolidation,Help,Y
LP001248,Male,No,0,Graduate,No,6000,3500,9500,6000,Long Term,14.5,Semiurban,RENT,Debt Consolidation,Credit Card Consolidation,Y
LP001250,Male,Yes,3,Not Graduate,No,15000,0,15000,15000,Long Term,43.4,Semiurban,RENT,Debt Consolidation,Credit Card Consolidation,N
LP001253,Male,Yes,3,Graduate,Yes,17950,5266,23216,17950,Short Term,13.5,Semiurban,OWN,Debt Consolidation,Credit Payoff 14400,Y
LP001255,Male,No,0,Graduate,No,6000,3750,9750,6000,Short Term,12.2,Urban,RENT,Debt Consolidation,Debt Consolidation Loan,N
LP001256,Male,No,0,Graduate,No,24000,3750,27750,24000,Short Term,14.5,Urban,MORTGAGE,other,Debt Consolidation,N
LP001259,Male,Yes,1,Graduate,Yes,8000,1000,9000,8000,Long Term,10.2,Urban,RENT,Business Loan,Debt Consolidation Loan,N
LP001263,Male,Yes,3,Graduate,No,3600,0,3600,3600,Short Term,15.2,Semiurban,MORTGAGE,Debt Consolidation,Small_Business Loan,N
LP001264,Male,Yes,3,Not Graduate,Yes,10000,3333,13333,10000,Short Term,29.2,Semiurban,MORTGAGE,Debt Consolidation,Debt Consolidation Loan,Y
LP001265,Female,No,0,Graduate,No,30000,3846,33846,30000,Long Term,25.6,Semiurban,MORTGAGE,Debt Consolidation,Home improvement,Y
LP001266,Male,Yes,1,Graduate,Yes,10000,2395,12395,10000,Long Term,23,Semiurban,RENT,Debt Consolidation,CC Refi Loan,Y
LP001267,Female,Yes,2,Graduate,No,15000,1378,16378,15000,Short Term,17,Urban,RENT,Debt Consolidation,Credit Card Refinancing,N
LP001273,Male,Yes,0,Graduate,No,9000,0,9000,9000,Short Term,15.9,Semiurban,RENT,Debt Consolidation,Auto Loan,N
LP001275,Male,Yes,1,Graduate,No,35000,3988,38988,35000,Long Term,19,Urban,RENT,Debt Consolidation,I pay my all credit,Y
LP001279,Male,No,0,Graduate,No,15025,2366,17391,15025,Short Term,9.8,Semiurban,RENT,Debt Consolidation,Nissan Car Loan,Y
LP001280,Male,Yes,2,Not Graduate,No,28000,3333,31333,28000,Short Term,22,Semiurban,RENT,Debt Consolidation,dental care,Y
LP001282,Male,Yes,0,Graduate,No,6000,2500,8500,6000,Short Term,18.2,Semiurban,MORTGAGE,Debt Consolidation,Car Loan,Y
LP001289,Male,No,0,Graduate,No,17000,8566,25566,17000,Short Term,18,Urban,RENT,Debt Consolidation,loan payoff,Y
LP001310,Male,Yes,0,Graduate,No,10000,5695,15695,10000,Short Term,5.8,Semiurban,RENT,Debt Consolidation,MAKE ON PAYMENT,Y
LP001316,Male,Yes,0,Graduate,No,20000,2958,22958,20000,Short Term,19.5,Semiurban,RENT,other,Credit Card Refinance,Y
LP001318,Male,Yes,2,Graduate,No,8000,6250,14250,8000,Long Term,17.5,Semiurban,MORTGAGE,other,Credit Card Consolidation,Y
LP001319,Male,Yes,2,Not Graduate,No,10000,3273,13273,10000,Long Term,16.5,Urban,RENT,Home Improvements,Debit consolidation,Y
LP001322,Male,No,0,Graduate,No,8500,4133,12633,8500,Short Term,22.3,Semiurban,RENT,Debt Consolidation,medical,Y
LP001325,Male,No,0,Not Graduate,No,3000,3620,6620,3000,Short Term,13.8,Semiurban,OWN,Debt Consolidation,Emergency Loan,Y
LP001326,Male,No,0,Graduate,,10250,6782,17032,10250,Short Term,25.1,Urban,RENT,Debt Consolidation,Consolidation,N
LP001327,Female,Yes,0,Graduate,No,6000,2484,8484,6000,Short Term,10.6,Semiurban,MORTGAGE,Debt Consolidation,Bill Consolidation,Y
LP001333,Male,Yes,0,Graduate,No,11375,1977,13352,11375,Short Term,17.9,Semiurban,MORTGAGE,other,Debit Free,Y
LP001334,Male,Yes,0,Not Graduate,No,15000,4188,19188,15000,Short Term,13.2,Semiurban,MORTGAGE,Debt Consolidation,Car Loan,Y
LP001343,Male,Yes,0,Graduate,No,5000,1759,6759,5000,Long Term,12.8,Semiurban,RENT,Buy House,Major Purchase Loan,Y
LP001345,Male,Yes,2,Not Graduate,No,21000,4288,25288,21000,Short Term,13.3,Urban,RENT,Other,Wells/Chase ReFi,Y
LP001349,Male,No,0,Graduate,No,20000,4843,24843,20000,Short Term,18,Semiurban,RENT,other,Debt Consolidation Loan,Y
LP001350,Male,Yes,,Graduate,No,5450,13650,19100,5450,Long Term,17.3,Urban,OWN,Debt Consolidation,Debt consolidation,Y
LP001356,Male,Yes,0,Graduate,No,12000,4652,16652,12000,Short Term,26.2,Semiurban,RENT,Debt Consolidation,Say goodbye to the rip-off banks,Y
LP001357,Male,,,Graduate,No,25000,3816,28816,25000,Long Term,17,Urban,MORTGAGE,Debt Consolidation,Credit Card Loan,Y
LP001367,Male,Yes,1,Graduate,No,9500,3052,12552,9500,Short Term,21.2,Urban,RENT,Debt Consolidation,Coledon's Club Loan,Y
LP001369,Male,Yes,2,Graduate,No,15000,11417,26417,15000,Long Term,18.7,Urban,RENT,Home Improvements,Debt Consolidation Loan,Y
LP001370,Male,No,0,Not Graduate,,8000,7333,15333,8000,Short Term,7.6,Rural,RENT,Debt Consolidation,smaller loan,N
LP001379,Male,Yes,2,Graduate,No,35000,3800,38800,35000,Short Term,6.6,Urban,RENT,Debt Consolidation,Consolidate,N
LP001384,Male,Yes,4,Not Graduate,No,11500,2071,13571,11500,Long Term,30.4,Semiurban,MORTGAGE,Debt Consolidation,12/2011 loan,Y
LP001385,Male,No,0,Graduate,No,25000,5316,30316,25000,Long Term,21,Urban,MORTGAGE,Debt Consolidation,Computer Equipment,Y
LP001387,Female,Yes,0,Graduate,,20000,2929,22929,20000,Long Term,13.8,Semiurban,OWN,Debt Consolidation,payoff,Y
LP001391,Male,Yes,0,Not Graduate,No,12000,3572,15572,12000,Short Term,22.4,Rural,MORTGAGE,Debt Consolidation,credit loan,N
LP001392,Female,No,1,Graduate,Yes,21000,7451,28451,21000,Long Term,20.8,Semiurban,MORTGAGE,Debt Consolidation,Credit Card Consolidation,Y
LP001398,Male,No,0,Graduate,,12000,5050,17050,12000,Long Term,37.3,Semiurban,RENT,Debt Consolidation,Credit Card,Y
LP001401,Male,Yes,1,Graduate,No,25000,0,25000,25000,Long Term,14,Rural,MORTGAGE,Debt Consolidation,Consolidation Loan,Y
LP001404,Female,Yes,0,Graduate,No,3300,3167,6467,3300,Short Term,20,Semiurban,RENT,other,Start Fresh 2012,Y
LP001405,Male,Yes,1,Graduate,No,31150,2214,33364,31150,Short Term,22.4,Urban,MORTGAGE,Debt Consolidation,Chase,Y
LP001421,Male,Yes,0,Graduate,No,20000,5568,25568,20000,Short Term,18,Rural,RENT,other,Credit card paid off,N
LP001422,Female,No,0,Graduate,No,12675,10408,23083,12675,Short Term,30.4,Urban,RENT,Debt Consolidation,creditcard payoff,Y
LP001426,Male,Yes,,Graduate,No,3500,5667,9167,3500,Short Term,8.7,Rural,MORTGAGE,Debt Consolidation,"Pay off credit card, refinance house",Y
LP001430,Female,No,0,Graduate,No,1600,4166,5766,1600,Short Term,19.5,Semiurban,RENT,Debt Consolidation,CONSOLIDATION,Y
LP001431,Female,No,0,Graduate,No,4000,2137,6137,4000,Short Term,16.3,Semiurban,RENT,Buy a Car,Debt consolidation loan,Y
LP001432,Male,Yes,2,Graduate,No,5000,2957,7957,5000,Short Term,6.4,Semiurban,RENT,Medical Bills,Debt Consolidation,Y
LP001439,Male,Yes,0,Not Graduate,No,12500,4300,16800,12500,Short Term,16.1,Rural,RENT,Debt Consolidation,Debt Consalidation,Y
LP001443,Female,No,0,Graduate,No,14400,3692,18092,14400,Short Term,13.7,Rural,RENT,Debt Consolidation,Debt Consolidation / Lower CC Rate,Y
LP001448,,Yes,3,Graduate,No,3600,23803,27403,3600,Long Term,24.5,Rural,RENT,Debt Consolidation,Money,Y
LP001449,Male,No,0,Graduate,No,27000,3865,30865,27000,Short Term,22.1,Rural,RENT,Debt Consolidation,Credit Card,Y
LP001451,Male,Yes,1,Graduate,Yes,10000,10513,20513,10000,Short Term,9.8,Urban,MORTGAGE,Debt Consolidation,Debt Consolidation,N
LP001465,Male,Yes,0,Graduate,No,30075,6080,36155,30075,Short Term,13.6,Rural,RENT,Debt Consolidation,Financial Freedom,N
LP001469,Male,No,0,Graduate,Yes,15000,20166,35166,15000,Short Term,31.4,Urban,RENT,Debt Consolidation,Credit Card,Y
LP001473,Male,No,0,Graduate,No,8800,0,8800,8800,Short Term,15.4,Urban,MORTGAGE,Debt Consolidation,home improve,Y
LP001478,Male,No,0,Graduate,No,2000,2718,4718,2000,Long Term,22.1,Semiurban,MORTGAGE,Medical Bills,Bills,Y
LP001482,Male,Yes,0,Graduate,Yes,21000,3459,24459,21000,Long Term,10.3,Semiurban,RENT,Debt Consolidation,Debt Consolidation,Y
LP001487,Male,No,0,Graduate,No,26125,4895,31020,26125,Short Term,19.2,Semiurban,RENT,Debt Consolidation,After Great Experience I am Back Again,Y
LP001488,Male,Yes,4,Graduate,No,14400,0,14400,14400,Short Term,14.3,Semiurban,RENT,Other,Credit Cards & Laptop,N
LP001489,Female,Yes,0,Graduate,No,8500,4583,13083,8500,Long Term,26,Rural,RENT,Debt Consolidation,Credit Card,N
LP001491,Male,Yes,2,Graduate,Yes,19425,3316,22741,19425,Long Term,30.1,Urban,RENT,Debt Consolidation,Help me out,Y
LP001492,Male,No,0,Graduate,No,10000,14999,24999,10000,Short Term,21.5,Semiurban,MORTGAGE,Debt Consolidation,Debt Consolidation,N
LP001493,Male,Yes,2,Not Graduate,No,12000,4200,16200,12000,Short Term,25,Rural,MORTGAGE,Debt Consolidation,Business Loan,N
LP001497,Male,Yes,2,Graduate,No,3000,5042,8042,3000,Short Term,14.8,Rural,RENT,Debt Consolidation,Debt Consolidation ,N
LP001498,Male,No,0,Graduate,No,14000,5417,19417,14000,Short Term,16.1,Urban,RENT,Debt Consolidation,Relocation Assistance,Y
LP001504,Male,No,0,Graduate,Yes,14400,6950,21350,14400,Short Term,21.8,Semiurban,RENT,Debt Consolidation,Credit Card Debt,Y
LP001507,Male,Yes,0,Graduate,No,5850,2698,8548,5850,Short Term,10.9,Semiurban,MORTGAGE,Debt Consolidation,Credit Card Debt Consolidation,Y
LP001508,Male,Yes,2,Graduate,No,20000,11757,31757,20000,Short Term,10.5,Urban,RENT,Other,personal loan,Y
LP001514,Female,Yes,0,Graduate,No,12000,2330,14330,12000,Short Term,15.7,Semiurban,RENT,Debt Consolidation,Consolidation,Y
LP001516,Female,Yes,2,Graduate,No,15875,14866,30741,15875,Short Term,27.7,Urban,RENT,Debt Consolidation,Debt Free,Y
LP001518,Male,Yes,1,Graduate,No,17000,1538,18538,17000,Short Term,18,Urban,MORTGAGE,Debt Consolidation,5 Years to Financial Freedom,Y
LP001519,Female,No,0,Graduate,No,6400,10000,16400,6400,Short Term,22.1,Rural,MORTGAGE,Debt Consolidation,Roof,N
LP001520,Male,Yes,0,Graduate,No,7000,0,7000,7000,Short Term,14.8,Semiurban,OWN,Debt Consolidation,PayCC,Y
LP001528,Male,No,0,Graduate,No,2775,0,2775,2775,Short Term,17.9,Rural,RENT,Debt Consolidation,Credit Card Refinance,N
LP001529,Male,Yes,0,Graduate,Yes,12000,2577,14577,12000,Long Term,21.7,Rural,RENT,Debt Consolidation,consolidation loan,Y
LP001531,Male,No,0,Graduate,No,5675,9166,14841,5675,Short Term,14.7,Urban,MORTGAGE,Debt Consolidation,Credit Card,N
LP001532,Male,Yes,2,Not Graduate,No,35000,0,35000,35000,Long Term,28.5,Rural,RENT,Debt Consolidation,Bills,N
LP001535,Male,No,0,Graduate,No,8000,0,8000,8000,Short Term,11.8,Urban,RENT,Debt Consolidation,Presents and vocation,Y
LP001536,Male,Yes,5,Graduate,No,6000,0,6000,6000,Short Term,13.6,Semiurban,MORTGAGE,Debt Consolidation,Debt Consolidation,Y
LP001541,Male,Yes,1,Graduate,No,14400,0,14400,14400,Short Term,16.2,Rural,RENT,Home Improvements,Debt consolodation,Y
LP001543,Male,Yes,1,Graduate,No,35000,0,35000,35000,Short Term,17.5,Urban,RENT,Debt Consolidation,Credit Card Consolidation ,Y
LP001546,Male,No,0,Graduate,,18000,0,18000,18000,Short Term,18.2,Rural,RENT,Debt Consolidation,Credit Card,Y
LP001552,Male,Yes,0,Graduate,No,20000,4583,24583,20000,Short Term,22.2,Semiurban,RENT,Home Improvements,Credit Card Loan,Y
LP001560,Male,Yes,0,Not Graduate,No,17000,1863,18863,17000,Long Term,13.8,Semiurban,RENT,Debt Consolidation,debt consolidation,Y
LP001562,Male,Yes,0,Graduate,No,12000,7933,19933,12000,Short Term,15.2,Urban,MORTGAGE,Home Improvements,home improvement,N
LP001565,Male,Yes,1,Graduate,No,4825,3089,7914,4825,Long Term,18.3,Semiurban,OWN,Debt Consolidation,Credit Card Payoff,N
LP001570,Male,Yes,2,Graduate,No,18000,4167,22167,18000,Short Term,20.6,Rural,MORTGAGE,Debt Consolidation,credit card payoff,Y
LP001572,Male,Yes,0,Graduate,No,12000,9323,21323,12000,Short Term,22.6,Urban,RENT,other,Car Loan,Y
LP001574,Male,Yes,0,Graduate,No,17100,3707,20807,17100,Short Term,21.7,Rural,MORTGAGE,other,High interest credit card consolidation,Y
LP001577,Female,Yes,0,Graduate,No,28625,4583,33208,28625,Short Term,13.6,Rural,MORTGAGE,other,Auto Loan,N
LP001578,Male,Yes,0,Graduate,No,5150,2439,7589,6000,Long Term,15.1,Rural,OWN,Business Loan,Debt consolidation,Y
LP001579,Male,No,0,Graduate,No,20000,2237,22237,20000,Short Term,17.4,Semiurban,OWN,Home Improvements,GET FREE OF DEBT,N
LP001580,Male,Yes,2,Graduate,No,6000,8000,14000,6000,Short Term,21.5,Semiurban,MORTGAGE,Debt Consolidation,Bye Bye Credit Cards,Y
LP001581,Male,Yes,0,Not Graduate,,23075,0,23075,23075,Short Term,15.3,Rural,RENT,Debt Consolidation,Consolidation loan,Y
LP001585,,Yes,4,Graduate,No,10000,51763,61763,10000,Short Term,15.9,Urban,RENT,Debt Consolidation,Small Business Loan,Y
LP001586,Male,Yes,4,Not Graduate,No,12000,3522,15522,12000,Long Term,17,Rural,RENT,Debt Consolidation,zipcar,N
LP001594,Male,Yes,0,Graduate,No,5000,0,5000,5000,Short Term,12.1,Semiurban,RENT,Debt Consolidation,Debt Consolidation,Y
LP001603,Male,Yes,0,Not Graduate,Yes,18000,4344,22344,18000,Short Term,22.6,Semiurban,RENT,Home Improvements,credit card consolidation,N
LP001606,Male,Yes,0,Graduate,No,18400,3497,21897,18400,Short Term,11.7,Rural,RENT,Debt Consolidation,Small Business Loan,Y
LP001608,Male,Yes,2,Graduate,No,6000,2045,8045,6000,Long Term,11.4,Rural,RENT,Other,Payoff Loan,Y
LP001610,Male,Yes,4,Graduate,No,12000,5516,17516,12000,Long Term,13.4,Semiurban,RENT,Debt Consolidation,Loan to pay off Credit cards,N
LP001616,Male,Yes,1,Graduate,No,9725,3750,13475,9725,Long Term,18.6,Semiurban,RENT,Debt Consolidation,GetoutofDebt,Y
LP001630,Male,No,0,Not Graduate,No,24000,2333,26333,24000,Short Term,12.8,Urban,RENT,Debt Consolidation,Consolidate me 2011,N
LP001633,Male,Yes,1,Graduate,No,14000,6400,20400,14000,Short Term,19.8,Urban,RENT,Debt Consolidation,Credit Consolidation,N
LP001634,Male,No,0,Graduate,No,14800,1916,16716,24000,Short Term,19.1,Rural,RENT,Debt Consolidation,Debt Consolidation Loan,N
LP001636,Male,Yes,0,Graduate,No,6850,4600,11450,6850,Long Term,26.5,Semiurban,RENT,Debt Consolidation,Debt Consolidation Loan,Y
LP001637,Male,Yes,1,Graduate,No,6000,0,6000,6000,Short Term,16.3,Semiurban,RENT,Debt Consolidation,debt consolidation,N
LP001639,Female,Yes,0,Graduate,No,3000,3625,6625,3000,Short Term,8.5,Semiurban,MORTGAGE,Debt Consolidation,Breathing Room,Y
LP001640,Male,Yes,0,Graduate,Yes,35000,39147,74147,35000,Short Term,19.2,Semiurban,MORTGAGE,Debt Consolidation,pertsonal loan,Y
LP001641,Male,Yes,1,Graduate,Yes,6000,2178,8178,6000,Short Term,8.4,Rural,MORTGAGE,Debt Consolidation,Credit Card Refi,N
LP001643,Male,Yes,0,Graduate,No,16850,2383,19233,16850,Short Term,28.9,Rural,MORTGAGE,Medical Bills,Debt Consolidation,Y
LP001644,,Yes,0,Graduate,Yes,12000,674,12674,12000,Short Term,15.4,Rural,RENT,Debt Consolidation,Consolidation,Y
LP001647,Male,Yes,0,Graduate,No,35000,9328,44328,35000,Short Term,17.9,Rural,RENT,other,Debt Consolidation,Y
LP001653,Male,No,0,Not Graduate,No,15000,4885,19885,15000,Short Term,21.2,Rural,RENT,Debt Consolidation,consolidate,Y
LP001656,Male,No,0,Graduate,No,28000,12000,40000,28000,Long Term,17.7,Semiurban,RENT,Debt Consolidation,CREDIT CARD PAYOFF,N
LP001657,Male,Yes,0,Not Graduate,No,16000,6033,22033,16000,Long Term,31.5,Urban,RENT,Home Improvements,Ring,N
LP001658,Male,No,0,Graduate,No,21000,3858,24858,21000,Short Term,41.4,Semiurban,MORTGAGE,Debt Consolidation,"70%Attached room,30%cc-loanconsolidation",Y
LP001664,Male,No,0,Graduate,No,18000,4191,22191,18000,Short Term,15.4,Rural,RENT,other,Pay off debt,Y
LP001665,Male,Yes,1,Graduate,No,20000,0,20000,20000,Short Term,14.4,Semiurban,MORTGAGE,other,Debt Consolidation Loan,N
LP001666,Male,No,0,Graduate,No,35000,8333,43333,35000,Short Term,20.8,Rural,MORTGAGE,Buy a Car,Debt Consolidation Loan,Y
LP001669,Female,No,0,Not Graduate,No,20000,1907,21907,20000,Short Term,10.3,Urban,RENT,Debt Consolidation,Debt Consolidation Loan,Y
LP001671,Female,Yes,0,Graduate,No,6325,3416,9741,6325,Short Term,22.4,Semiurban,RENT,Debt Consolidation,Debt Consolidation Loan,Y
LP001673,Male,No,0,Graduate,Yes,32000,11000,43000,32000,Short Term,12.5,Urban,RENT,Debt Consolidation,LC Loan,N
LP001674,Male,Yes,1,Not Graduate,No,21000,2600,23600,21000,Short Term,17,Semiurban,RENT,Debt Consolidation,Medical,Y
LP001677,Male,No,2,Graduate,No,30500,4923,35423,30500,Long Term,14.7,Semiurban,MORTGAGE,Debt Consolidation,Debt consolidation,Y
LP001682,Male,Yes,3,Not Graduate,No,20850,3992,24842,20850,Short Term,23,Urban,RENT,Debt Consolidation,Debt consolidation,N
LP001688,Male,Yes,1,Not Graduate,No,13600,3500,17100,13600,Short Term,15.5,Urban,MORTGAGE,Debt Consolidation,Debt Consolidation,Y
LP001691,Male,Yes,2,Not Graduate,No,8400,3917,12317,8400,Long Term,22.6,Semiurban,RENT,Debt Consolidation,Personal,Y
LP001692,Female,No,0,Not Graduate,No,5600,4408,10008,5600,Short Term,14.9,Semiurban,RENT,Debt Consolidation,Debt consolidation,Y
LP001693,Female,No,0,Graduate,No,12800,3244,16044,12800,Short Term,14.7,Urban,RENT,Debt Consolidation,US Bank Full,Y
LP001698,Male,No,0,Not Graduate,No,17350,3975,21325,17350,Short Term,16.9,Rural,MORTGAGE,Debt Consolidation,Credit Card,Y
LP001699,Male,No,0,Graduate,No,22000,2479,24479,22000,Short Term,19.2,Urban,MORTGAGE,Debt Consolidation,Debt Consolidation,Y
LP001702,Male,No,0,Graduate,No,12000,3418,15418,12000,Short Term,29.3,Semiurban,MORTGAGE,Debt Consolidation,debt consolidation ,N
LP001708,Female,No,0,Graduate,No,5000,10000,15000,5000,Short Term,12.5,Semiurban,RENT,other,moving,N
LP001711,Male,Yes,3,Graduate,No,28000,3430,31430,28000,Short Term,9.7,Semiurban,MORTGAGE,Debt Consolidation,CC Debt,N
LP001713,Male,Yes,1,Graduate,Yes,5000,7787,12787,5000,Short Term,10.2,Urban,RENT,Debt Consolidation,Debt Consolidation Loan,Y
LP001715,Male,Yes,3,Not Graduate,Yes,17000,5703,22703,17000,Short Term,9.5,Rural,RENT,Debt Consolidation,Consolidate Closed Credit Accounts,Y
LP001716,Male,Yes,0,Graduate,No,14000,3173,17173,14000,Short Term,15.5,Urban,RENT,Debt Consolidation,remodel,Y
LP001720,Male,Yes,3,Not Graduate,No,10800,3850,14650,10800,Long Term,26,Semiurban,MORTGAGE,Debt Consolidation,Credit Card Consolidation,Y
LP001722,Male,Yes,0,Graduate,No,20000,150,20150,20000,Long Term,23.7,Rural,MORTGAGE,other,Credit card payoff ,N
LP001726,Male,Yes,0,Graduate,No,23000,3727,26727,23000,Short Term,5.9,Semiurban,MORTGAGE,Debt Consolidation,Debt Consolidation,Y
LP001732,Male,Yes,2,Graduate,,24000,5000,29000,24000,Long Term,27.7,Semiurban,RENT,Debt Consolidation,Debt Consolidation,N
LP001734,Female,Yes,2,Graduate,No,18250,4283,22533,18250,Short Term,11.8,Semiurban,RENT,Debt Consolidation,Debt Consolidation,Y
LP001736,Male,Yes,0,Graduate,No,15000,0,15000,15000,Short Term,20.2,Urban,MORTGAGE,Debt Consolidation,Moved to California,N
LP001743,Male,Yes,2,Graduate,No,6000,4009,10009,6000,Short Term,7.7,Semiurban,OWN,Debt Consolidation,consolihappydaytion,Y
LP001744,Male,No,0,Graduate,No,21000,2971,23971,21000,Long Term,11.9,Semiurban,MORTGAGE,Debt Consolidation,debt cosolidate,Y
LP001749,Male,Yes,0,Graduate,No,14400,7578,21978,14400,Short Term,17,Semiurban,MORTGAGE,Debt Consolidation,Debt Consolidation,Y
LP001750,Male,Yes,0,Graduate,No,10000,6250,16250,10000,Short Term,22.6,Semiurban,RENT,Debt Consolidation,Bank of America Pay-Off Loan,Y
LP001751,Male,Yes,0,Graduate,No,18000,3250,21250,18000,Short Term,33.1,Rural,MORTGAGE,Debt Consolidation,Home Improvement,N
LP001754,Male,Yes,,Not Graduate,Yes,16000,4735,20735,16000,Short Term,18,Urban,MORTGAGE,Debt Consolidation,Debt consolidation,N
LP001758,Male,Yes,2,Graduate,No,14400,6250,20650,14400,Short Term,31.8,Semiurban,RENT,Debt Consolidation,Boat Loan,Y
LP001760,Male,,,Graduate,No,9650,4758,14408,13000,Short Term,16.7,Semiurban,MORTGAGE,Debt Consolidation,Debt consol,Y
LP001761,Male,No,0,Graduate,Yes,7750,6400,14150,7750,Short Term,13.1,Rural,RENT,Buy a Car,Personnel Loan,Y
LP001765,Male,Yes,1,Graduate,No,28000,2491,30491,28000,Long Term,17.9,Semiurban,MORTGAGE,Debt Consolidation,debt,Y
LP001768,Male,Yes,0,Graduate,,30400,3716,34116,30400,Short Term,17.2,Rural,RENT,Debt Consolidation,credit cards,Y
LP001770,Male,No,0,Not Graduate,No,5500,3189,8689,5500,Short Term,12,Rural,RENT,Debt Consolidation,Credit Card,Y
LP001776,Female,No,0,Graduate,No,10000,8333,18333,10000,Short Term,19.2,Semiurban,MORTGAGE,Debt Consolidation,Other,Y
LP001778,Male,Yes,1,Graduate,No,14350,3155,17505,14350,Short Term,10.8,Semiurban,MORTGAGE,Debt Consolidation,extra cash for vacation,Y
LP001784,Male,Yes,1,Graduate,No,10625,5500,16125,10625,Short Term,33.8,Rural,MORTGAGE,Debt Consolidation,Debt Consolidation,Y
LP001786,Male,Yes,0,Graduate,,24000,5746,29746,24000,Long Term,34.1,Urban,RENT,Debt Consolidation,Debt Consolidation,N
LP001788,Female,No,0,Graduate,Yes,25000,3463,28463,25000,Short Term,26.5,Urban,RENT,Debt Consolidation,Debt consolidation ,Y
LP001790,Female,No,1,Graduate,No,10000,3812,13812,10000,Short Term,22.3,Rural,RENT,Debt Consolidation,CREDIT CARD CONSOLIDATION,Y
LP001792,Male,Yes,1,Graduate,No,15000,3315,18315,15000,Short Term,23.3,Semiurban,RENT,Other,vacation loan,Y
LP001798,Male,Yes,2,Graduate,No,10000,5819,15819,10000,Short Term,25.9,Rural,RENT,Debt Consolidation,Paying off Credit Cards,Y
LP001800,Male,Yes,1,Not Graduate,No,17000,2510,19510,17000,Long Term,15.8,Urban,MORTGAGE,Debt Consolidation,Credit Card Refi 2011,N
LP001806,Male,No,0,Graduate,No,35000,2965,37965,35000,Short Term,10.1,Urban,MORTGAGE,Home Improvements,Debt Consolidation,Y
LP001807,Male,Yes,2,Graduate,Yes,13475,6250,19725,13475,Short Term,9,Rural,MORTGAGE,Debt Consolidation,Consolidation loan,Y
LP001811,Male,Yes,0,Not Graduate,No,3600,3406,7006,3600,Long Term,17.7,Semiurban,RENT,Debt Consolidation,CC Consolidation,Y
LP001813,Male,No,0,Graduate,Yes,8400,6050,14450,8400,Short Term,19.7,Urban,RENT,Debt Consolidation,payoff credit cards,N
LP001814,Male,Yes,2,Graduate,No,4800,9703,14503,4800,Short Term,28,Urban,RENT,Debt Consolidation,vacation,Y
LP001819,Male,Yes,1,Not Graduate,No,16000,6608,22608,16000,Short Term,20,Urban,RENT,other,Debt Consolidation,Y
LP001824,Male,Yes,1,Graduate,No,9100,2882,11982,9100,Short Term,25.3,Semiurban,RENT,Debt Consolidation,Credit Card Consolidation,Y
LP001825,Male,Yes,0,Graduate,No,15000,1809,16809,15000,Long Term,20.8,Urban,RENT,Debt Consolidation,Business,Y
LP001835,Male,Yes,0,Not Graduate,No,8000,1668,9668,8000,Long Term,10.9,Semiurban,MORTGAGE,Debt Consolidation,Loan2011,N
LP001836,Female,No,2,Graduate,No,10000,3427,13427,10000,Long Term,28.7,Urban,RENT,Debt Consolidation,Car loan,N
LP001841,Male,No,0,Not Graduate,Yes,35000,2583,37583,35000,Short Term,15.6,Rural,MORTGAGE,Debt Consolidation,Credit Card Consolidation,Y
LP001843,Male,Yes,1,Not Graduate,No,24000,2661,26661,24000,Short Term,16.8,Semiurban,OWN,Debt Consolidation,Car Loan,Y
LP001844,Male,No,0,Graduate,Yes,30000,16250,46250,30000,Long Term,16,Urban,RENT,Medical Bills,Credit card payment,N
LP001846,Female,No,3,Graduate,No,24000,3083,27083,24000,Long Term,18,Rural,RENT,Debt Consolidation,credit card consolidation,Y
LP001849,Male,No,0,Not Graduate,No,15000,6045,21045,15000,Long Term,38.7,Rural,RENT,Debt Consolidation,debt consolidation,N
LP001854,Male,Yes,3,Graduate,No,15600,5250,20850,15600,Short Term,20.3,Urban,MORTGAGE,Debt Consolidation,Floor,N
LP001859,Male,Yes,0,Graduate,No,12000,14683,26683,12000,Short Term,17.6,Rural,OWN,Debt Consolidation,Other,N
LP001864,Male,Yes,3,Not Graduate,No,11000,4931,15931,11000,Short Term,10.9,Semiurban,MORTGAGE,Debt Consolidation,restore classic car,N
LP001865,Male,Yes,1,Graduate,No,10000,6083,16083,10000,Short Term,30.6,Urban,OWN,Debt Consolidation,Paydown CC Loan,Y
LP001868,Male,No,0,Graduate,No,14700,2060,16760,14700,Short Term,10,Semiurban,MORTGAGE,other,no more bills,Y
LP001870,Female,No,1,Graduate,No,13800,3481,17281,13800,Long Term,16.9,Semiurban,RENT,Debt Consolidation,Debt Consolidation,N
LP001871,Female,No,0,Graduate,No,8000,7200,15200,8000,Long Term,10.5,Rural,MORTGAGE,Debt Consolidation,CC refi,Y
LP001872,Male,No,0,Graduate,Yes,18000,5166,23166,18000,Short Term,17.8,Semiurban,MORTGAGE,Debt Consolidation,Snowmobile Purchase,Y
LP001875,Male,No,0,Graduate,No,4500,4095,8595,4500,Short Term,30.7,Rural,RENT,Other,Debt Consolidation,Y
LP001877,Male,Yes,2,Graduate,No,30750,4708,35458,30750,Long Term,18,Semiurban,RENT,Business Loan,credit card consolidating,Y
LP001882,Male,Yes,3,Graduate,No,10000,4333,14333,10000,Long Term,9.5,Urban,RENT,Debt Consolidation,Consolidation,Y
LP001883,Female,No,0,Graduate,,32000,3418,35418,32000,Short Term,14.1,Rural,MORTGAGE,Debt Consolidation,Debt Consolidation,N
LP001884,Female,No,1,Graduate,No,4375,2876,7251,4375,Short Term,29.4,Urban,RENT,other,auto repair,Y
LP001888,Female,No,0,Graduate,No,35000,3237,38237,35000,Short Term,23,Urban,RENT,Home Improvements,Small Business,Y
LP001891,Male,Yes,0,Graduate,No,12000,0,12000,12000,Short Term,19.4,Urban,RENT,other,Card's,Y
LP001892,Male,No,0,Graduate,No,1400,2833,4233,1400,Short Term,28.8,Rural,RENT,Debt Consolidation,Medical,Y
LP001894,Male,Yes,0,Graduate,No,15000,2620,17620,15000,Short Term,12.1,Semiurban,RENT,other,Debt Consolidation Loan,Y
LP001896,Male,Yes,2,Graduate,No,25000,3900,28900,25000,Long Term,17.7,Semiurban,MORTGAGE,Business Loan,Bathroom Repairs,Y
LP001900,Male,Yes,1,Graduate,No,17275,2750,20025,17275,Long Term,19.2,Semiurban,RENT,Debt Consolidation,Salt Spreader,Y
LP001903,Male,Yes,0,Graduate,No,30000,3993,33993,30000,Short Term,16.5,Semiurban,RENT,Debt Consolidation,debt consolidation.. ,Y
LP001904,Male,Yes,0,Graduate,No,16000,3103,19103,16000,Short Term,6.5,Urban,RENT,Debt Consolidation,Post College Credit Card Refinance,Y
LP001907,Male,Yes,0,Graduate,No,16000,14583,30583,16000,Short Term,21,Semiurban,OWN,Debt Consolidation,debt consolidation,Y
LP001908,Female,Yes,0,Not Graduate,No,35000,4100,39100,35000,Short Term,22,Rural,RENT,Home Improvements,Debt Consolidation Loan,Y
LP001910,Male,No,1,Not Graduate,Yes,5250,4053,9303,5250,Short Term,17.2,Urban,RENT,Debt Consolidation,CC Payoff,N
LP001914,Male,Yes,0,Graduate,No,14400,3927,18327,14400,Short Term,17.6,Semiurban,MORTGAGE,Debt Consolidation,personal loan.,Y
LP001915,Male,Yes,2,Graduate,No,6075,2301,8376,6075,Long Term,10.9,Urban,RENT,Debt Consolidation,Debt consolidation,Y
LP001917,Female,No,0,Graduate,No,10000,1811,11811,10000,Short Term,14.1,Urban,MORTGAGE,Buy House,debt for debt,Y
LP001922,Male,Yes,0,Graduate,No,12800,20667,33467,12800,Short Term,16.7,Rural,MORTGAGE,Other,Wiping off 6 ccards in 1 lower rate ,N
LP001924,Male,No,0,Graduate,No,15000,3158,18158,15000,Long Term,12,Rural,MORTGAGE,Debt Consolidation,Pay off credit card,Y
LP001925,Female,No,0,Graduate,Yes,22650,2600,25250,22650,Short Term,9.5,Semiurban,MORTGAGE,Other,CCPayoff,N
LP001926,Male,Yes,0,Graduate,No,4000,3704,7704,4000,Short Term,27.7,Rural,RENT,Debt Consolidation,freedom,Y
LP001931,Female,No,0,Graduate,No,7200,0,7200,7200,Short Term,14.5,Semiurban,RENT,Debt Consolidation,ROLL CONSOLIDATION,Y
LP001935,Male,No,0,Graduate,No,12725,9508,22233,12725,Short Term,19.3,Rural,MORTGAGE,Debt Consolidation,Debt Consolidation,Y
LP001936,Male,Yes,0,Graduate,No,10800,3075,13875,10800,Short Term,17.7,Rural,OWN,Home Improvements,Future,Y
LP001938,Male,Yes,2,Graduate,No,19925,4400,24325,19925,Short Term,21.3,Semiurban,RENT,Debt Consolidation,consolidation,N
LP001940,Male,Yes,2,Graduate,No,21075,3153,24228,21075,Short Term,27.9,Urban,RENT,other,Debt Consolidation Loan,Y
LP001945,Female,No,,Graduate,No,19050,5417,24467,19050,Short Term,17.6,Urban,RENT,Debt Consolidation,Titanium loan,N
LP001947,Male,Yes,0,Graduate,No,16000,2383,18383,16000,Short Term,18.9,Semiurban,RENT,Debt Consolidation,personal,Y
LP001949,Male,Yes,3,Graduate,,10000,4416,14416,10000,Long Term,17.5,Urban,MORTGAGE,Debt Consolidation,Credit cards payment,Y
LP001953,Male,Yes,1,Graduate,No,33825,6875,40700,33825,Short Term,17.7,Semiurban,RENT,Debt Consolidation,Credit Card Debt Free,Y
LP001954,Female,Yes,1,Graduate,No,15000,4666,19666,15000,Long Term,17.4,Urban,RENT,Debt Consolidation,Credit Card and Bill Loan,Y
LP001955,Female,No,0,Graduate,No,20000,5000,25000,20000,Long Term,16.7,Rural,RENT,Debt Consolidation,Smart Budgeting,N
LP001963,Male,Yes,1,Graduate,No,15000,2014,17014,15000,Long Term,11.1,Urban,RENT,Debt Consolidation,credit debt,N
LP001964,Male,Yes,0,Not Graduate,No,19125,1800,20925,19125,Short Term,22.5,Urban,RENT,Debt Consolidation,Patent and manufacturing.,N
LP001972,Male,Yes,,Not Graduate,No,12000,2875,14875,12000,Long Term,16.9,Semiurban,OWN,Debt Consolidation,Personal Loan,Y
LP001974,Female,No,0,Graduate,No,14400,5000,19400,14400,Long Term,29.6,Rural,OWN,Debt Consolidation,Credit Card refinance,Y
LP001977,Male,Yes,1,Graduate,No,11125,1625,12750,11125,Long Term,15,Urban,RENT,Home Improvements,Dept Consolidation,Y
LP001978,Male,No,0,Graduate,No,35000,4000,39000,35000,Long Term,20.3,Rural,OWN,Debt Consolidation,life changing,Y
LP001990,Male,No,0,Not Graduate,No,13200,2000,15200,13200,Short Term,30,Urban,RENT,Debt Consolidation,credit card payoff,N
LP001993,Female,No,0,Graduate,No,18000,3762,21762,18000,Short Term,21,Rural,RENT,Debt Consolidation,Credit Cards Payoff,Y
LP001994,Female,No,0,Graduate,No,9750,2400,12150,9750,Short Term,15,Urban,RENT,Debt Consolidation,No more credit card!,N
LP001996,Male,No,0,Graduate,No,12000,0,12000,12000,Short Term,10.1,Rural,RENT,Medical Bills,Credit Cards,N
LP001998,Male,Yes,2,Not Graduate,No,11000,7667,18667,11000,Short Term,12.1,Rural,RENT,Debt Consolidation,Credit Card Loan,Y
LP002002,Female,No,0,Graduate,No,11250,2917,14167,11250,Short Term,14,Semiurban,RENT,Debt Consolidation,Get out of Debt,Y
LP002004,Male,No,0,Not Graduate,No,10000,2927,12927,10000,Long Term,16.1,Semiurban,RENT,Debt Consolidation,Debt Consolidation Loan,Y
LP002006,Female,No,0,Graduate,No,30000,2507,32507,30000,Long Term,15.8,Rural,RENT,Debt Consolidation,Pay credit cards 2011,Y
LP002008,Male,Yes,2,Graduate,Yes,9500,5746,15246,9500,Short Term,18.7,Rural,RENT,Debt Consolidation,Cards,Y
LP002024,,Yes,0,Graduate,No,12000,2473,14473,12000,Short Term,11,Rural,RENT,Debt Consolidation,CLEAR UP,N
LP002031,Male,Yes,1,Not Graduate,No,18000,3399,21399,18000,Short Term,21.5,Urban,RENT,Debt Consolidation,Personal loan,Y
LP002035,Male,Yes,2,Graduate,No,14400,0,14400,14400,Short Term,27.6,Semiurban,RENT,Debt Consolidation,Trip Loan,Y
LP002036,Male,Yes,0,Graduate,No,5000,2058,7058,5000,Short Term,17.5,Urban,OWN,Debt Consolidation,Debt Consolidation,Y
LP002043,Female,No,1,Graduate,No,19000,3541,22541,19000,Short Term,20.2,Semiurban,MORTGAGE,Debt Consolidation,outofdebt,Y
LP002050,Male,Yes,1,Graduate,Yes,11000,0,11000,11000,Long Term,17,Rural,RENT,Debt Consolidation,Consolidate,N
LP002051,Male,Yes,0,Graduate,No,14000,0,14000,14000,Long Term,32.5,Semiurban,RENT,Debt Consolidation,Credit Card REFI,Y
LP002053,Male,Yes,3,Graduate,No,10000,0,10000,10000,Short Term,20.1,Semiurban,MORTGAGE,Debt Consolidation,Pay off high interest credit cards,Y
LP002054,Male,Yes,2,Not Graduate,No,28000,0,28000,28000,Long Term,8,Rural,RENT,major_purchase,payoff,Y
LP002055,Female,No,0,Graduate,No,19000,0,19000,19000,Long Term,16.4,Rural,MORTGAGE,Debt Consolidation,consolidation,Y
LP002065,Male,Yes,3,Graduate,No,3000,0,3000,3000,Short Term,12,Rural,RENT,Debt Consolidation,Debt Consolidation - Dec 2011,Y
LP002067,Male,Yes,1,Graduate,Yes,10000,0,10000,10000,Long Term,19.7,Rural,RENT,Debt Consolidation,"Avoid CCs,Various Seasonal and Other Exp",N
LP002068,Male,No,0,Graduate,No,21000,0,21000,21000,Short Term,34.8,Rural,RENT,Debt Consolidation,debt consolidation,Y
LP002082,Male,Yes,0,Graduate,Yes,1500,5818,7318,1500,Short Term,14,Semiurban,RENT,Debt Consolidation,loan 1,Y
LP002086,Female,Yes,0,Graduate,No,5525,4333,9858,5525,Long Term,19.7,Urban,RENT,Debt Consolidation,Zero Balance Project,N
LP002087,Female,No,0,Graduate,No,18000,2500,20500,18000,Short Term,9.9,Urban,MORTGAGE,Debt Consolidation,The 20K Credit,Y
LP002097,Male,No,1,Graduate,No,14400,4384,18784,14400,Short Term,19.3,Urban,RENT,Buy House,pay credit cards,Y
LP002098,Male,No,0,Graduate,No,14000,2935,16935,14000,Short Term,14,Semiurban,OWN,Debt Consolidation,Freedom,Y
LP002100,Male,No,,Graduate,No,35000,2833,37833,35000,Short Term,10.9,Urban,MORTGAGE,Debt Consolidation,Debt-down,Y
LP002101,Male,Yes,0,Graduate,,9800,63337,73137,9800,Short Term,17.7,Urban,MORTGAGE,Debt Consolidation,Debt Consolidation Loan,Y
LP002103,,Yes,1,Graduate,Yes,5000,9833,14833,5000,Short Term,20.5,Urban,RENT,Debt Consolidation,2011 CC Pay-Off,Y
LP002106,Male,Yes,,Graduate,Yes,12000,5503,17503,12000,Short Term,22.1,Semiurban,RENT,Debt Consolidation,credit card payoff,Y
LP002110,Male,Yes,1,Graduate,,4925,5250,10175,4925,Long Term,16,Rural,MORTGAGE,Debt Consolidation,Debt Consolidation,Y
LP002112,Male,Yes,2,Graduate,Yes,12000,2500,14500,12000,Short Term,22.5,Rural,MORTGAGE,Other,Home Improvement Loan,Y
LP002113,Female,No,3,Not Graduate,No,25000,0,25000,25000,Long Term,16.6,Urban,OWN,Debt Consolidation,Home imp,N
LP002114,Female,No,0,Graduate,No,17500,0,17500,17500,Long Term,16.6,Semiurban,RENT,Debt Consolidation,lovely,Y
LP002115,Male,Yes,3,Not Graduate,No,35000,2647,37647,35000,Short Term,20.9,Rural,MORTGAGE,Debt Consolidation,Car loan and pay off my family,N
LP002116,Female,No,0,Graduate,No,6000,2378,8378,6000,Short Term,20.8,Rural,MORTGAGE,Home Improvements,Consolidation ,N
LP002119,Male,Yes,1,Not Graduate,No,12000,4554,16554,12000,Short Term,12.1,Urban,RENT,Debt Consolidation,Credit card payoff,Y
LP002126,Male,Yes,3,Not Graduate,No,3600,3173,6773,3600,Long Term,31.8,Semiurban,MORTGAGE,Debt Consolidation,Debt consolidation,Y
LP002128,Male,Yes,2,Graduate,,5600,2583,8183,5600,Short Term,11.6,Rural,RENT,Debt Consolidation,consolidation,Y
LP002129,Male,Yes,0,Graduate,No,10375,2499,12874,10375,Short Term,10.2,Semiurban,MORTGAGE,Home Improvements,Debt Consolidation Loan,Y
LP002130,Male,Yes,,Not Graduate,No,20000,0,20000,20000,Short Term,18.7,Rural,MORTGAGE,Debt Consolidation,marines,N
LP002131,Male,Yes,2,Not Graduate,No,10000,0,10000,10000,Short Term,17.6,Urban,MORTGAGE,Debt Consolidation,Home Improvement Loan,Y
LP002137,Male,Yes,0,Graduate,No,12000,0,12000,12000,Short Term,23.7,Semiurban,RENT,Debt Consolidation,Stress relief,Y
LP002138,Male,Yes,0,Graduate,No,12725,2625,15350,12725,Short Term,15.2,Rural,RENT,Debt Consolidation,getting it together,Y
LP002139,Male,Yes,0,Graduate,No,25000,0,25000,25000,Long Term,17.8,Semiurban,RENT,Debt Consolidation,Credit Card Consolidation,Y
LP002140,Male,No,0,Graduate,No,15000,8750,23750,15000,Short Term,11.8,Rural,MORTGAGE,Debt Consolidation,consolidate,N
LP002141,Male,Yes,3,Graduate,No,20000,2666,22666,20000,Short Term,20.5,Rural,OWN,Debt Consolidation,Credit Card Consolidation,Y
LP002142,Female,Yes,0,Graduate,Yes,14000,5500,19500,14000,Short Term,20.2,Rural,RENT,Debt Consolidation,Debt consolidation,N
LP002143,Female,Yes,0,Graduate,No,18075,2423,20498,18075,Short Term,15.7,Semiurban,OWN,Debt Consolidation,Purchase,Y
LP002144,Female,No,,Graduate,No,1200,3813,5013,1200,Short Term,20.9,Urban,MORTGAGE,Debt Consolidation,Credit Cards,Y
LP002149,Male,Yes,2,Graduate,No,15600,8333,23933,15600,Short Term,18.1,Rural,RENT,Debt Consolidation,Consolidation,Y
LP002151,Male,Yes,1,Graduate,No,20000,3875,23875,20000,Short Term,23.6,Urban,MORTGAGE,Debt Consolidation,Credit Card Payoff,N
LP002158,Male,Yes,0,Not Graduate,No,12000,3000,15000,12000,Short Term,17.3,Urban,MORTGAGE,Debt Consolidation,Other Loan,N
LP002160,Male,Yes,3,Graduate,No,33000,5167,38167,33000,Long Term,17.6,Semiurban,RENT,Debt Consolidation,pay off my debt,Y
LP002161,Female,No,1,Graduate,No,7800,4723,12523,7800,Short Term,18.6,Semiurban,RENT,Debt Consolidation,Debt Consolidation,N
LP002170,Male,Yes,2,Graduate,No,8000,5000,13000,8000,Long Term,16,Semiurban,RENT,Debt Consolidation,Ring,Y
LP002175,Male,Yes,0,Graduate,No,21075,4750,25825,21075,Long Term,30.6,Urban,RENT,Debt Consolidation,refinance,Y
LP002178,Male,Yes,0,Graduate,No,5000,3013,8013,5000,Short Term,16.3,Urban,OWN,Debt Consolidation,Debt Consolidation Loan,Y
LP002180,Male,No,0,Graduate,Yes,13000,6822,19822,13000,Short Term,13.9,Rural,RENT,Other,save the day loan,Y
LP002181,Male,No,0,Not Graduate,No,6075,6216,12291,6075,Long Term,18.3,Rural,MORTGAGE,Debt Consolidation,credit card debt,N
LP002187,Male,No,0,Graduate,No,32000,2500,34500,32000,Long Term,13.3,Semiurban,RENT,Debt Consolidation,NeverLate,N
LP002188,Male,No,0,Graduate,No,25000,5124,30124,25000,Short Term,11.2,Rural,RENT,other,Pay off Debt,N
LP002190,Male,Yes,1,Graduate,No,10000,6325,16325,10000,Short Term,15.9,Semiurban,RENT,Debt Consolidation,CC Refinance,Y
LP002191,Male,Yes,0,Graduate,No,20000,19730,39730,20000,Short Term,20,Rural,OWN,Debt Consolidation,Bill Payoff,N
LP002194,Female,No,0,Graduate,Yes,16000,15759,31759,16000,Short Term,16.5,Semiurban,RENT,Debt Consolidation,Card Refi,Y
LP002197,Male,Yes,2,Graduate,No,6500,5185,11685,6500,Short Term,9.8,Semiurban,RENT,Debt Consolidation,Debt Consolidation,Y
LP002201,Male,Yes,2,Graduate,Yes,10000,9323,19323,10000,Long Term,19.4,Rural,RENT,Debt Consolidation,Debt Consolidation Loan,Y
LP002205,Male,No,1,Graduate,No,17475,3062,20537,17475,Long Term,10.3,Urban,RENT,Buy a Car,credit card loan,N
LP002209,Female,No,0,Graduate,,35000,2764,37764,35000,Short Term,23.2,Urban,RENT,small_business,Credit Card Payoff,Y
LP002211,Male,Yes,0,Graduate,No,18000,4817,22817,18000,Long Term,26,Urban,MORTGAGE,Debt Consolidation,cards b gone,Y
LP002219,Male,Yes,3,Graduate,No,35000,8750,43750,35000,Long Term,14.4,Rural,RENT,other,Bye-bye high interest rates!,Y
LP002223,Male,Yes,0,Graduate,No,15000,4310,19310,15000,Long Term,24.5,Semiurban,OWN,Debt Consolidation,Debt Consolidation Loan,Y
LP002224,Male,No,0,Graduate,No,7800,3069,10869,7800,Short Term,8.5,Urban,RENT,Debt Consolidation,Credit Card refinancing,N
LP002225,Male,Yes,2,Graduate,No,20000,5391,25391,20000,Short Term,14.2,Urban,MORTGAGE,Debt Consolidation,Credit Card Payoff,Y
LP002226,Male,Yes,0,Graduate,,30000,3333,33333,30000,Short Term,11.4,Semiurban,OWN,Debt Consolidation,leave mistakes behind,Y
LP002229,Male,No,0,Graduate,No,18200,5941,24141,18200,Short Term,27.5,Semiurban,RENT,Debt Consolidation,debt consolidation,Y
LP002231,Female,No,0,Graduate,No,24250,6000,30250,24250,Short Term,12.5,Urban,RENT,Debt Consolidation,Debt Payment,Y
LP002234,Male,No,0,Graduate,Yes,22000,7167,29167,22000,Long Term,19.7,Urban,RENT,Debt Consolidation,Credit Refinancing,Y
LP002236,Male,Yes,2,Graduate,No,35000,4566,39566,35000,Long Term,25,Urban,RENT,Debt Consolidation,loan #1,N
LP002237,Male,No,1,Graduate,,11500,3667,15167,11500,Short Term,13.5,Urban,RENT,Debt Consolidation,Pay off credit cards,Y
LP002239,Male,No,0,Not Graduate,No,35000,2346,37346,35000,Short Term,16.5,Semiurban,RENT,Debt Consolidation,Loan,Y
LP002243,Male,Yes,0,Not Graduate,No,9900,3010,12910,9900,Short Term,21.3,Urban,MORTGAGE,Debt Consolidation,Home Improvement Loan,N
LP002244,Male,Yes,0,Graduate,No,28775,2333,31108,28775,Short Term,26,Urban,RENT,Business Loan,Personal Loan,Y
LP002250,Male,Yes,0,Graduate,No,11075,5488,16563,11075,Short Term,10.4,Rural,MORTGAGE,Debt Consolidation,person to person,Y
LP002255,Male,No,3,Graduate,No,11000,9167,20167,11000,Short Term,13.6,Rural,RENT,Debt Consolidation,Credit Card Consolidation,Y
LP002262,Male,Yes,3,Graduate,No,7000,9504,16504,7000,Short Term,17,Rural,MORTGAGE,Debt Consolidation,Consolidation,Y
LP002263,Male,Yes,3,Graduate,No,8000,2583,10583,8000,Short Term,21.8,Urban,RENT,Debt Consolidation,DEBT CONSOLIDATION STRATEGY,Y
LP002265,Male,Yes,2,Not Graduate,No,17475,1993,19468,17475,Short Term,15.7,Semiurban,RENT,Debt Consolidation,credit payoff,Y
LP002266,Male,Yes,2,Graduate,No,4800,3100,7900,4800,Short Term,13.9,Urban,RENT,Debt Consolidation,Reline pool and fix steeps,Y
LP002272,Male,Yes,2,Graduate,No,20000,3276,23276,20000,Short Term,42.2,Semiurban,MORTGAGE,Debt Consolidation,Debt Consolidation Loan,Y
LP002277,Female,No,0,Graduate,No,20000,3180,23180,20000,Short Term,20.7,Urban,RENT,Debt Consolidation,Debt Consolidation,N
LP002281,Male,Yes,0,Graduate,No,10000,3033,13033,10000,Short Term,18.9,Urban,RENT,Debt Consolidation,Debt Consolidation,Y
LP002284,Male,No,0,Not Graduate,No,27750,3902,31652,27750,Short Term,8.9,Rural,MORTGAGE,Debt Consolidation,Famleisure,Y
LP002287,Female,No,0,Graduate,No,30000,1500,31500,30000,Short Term,11.9,Semiurban,MORTGAGE,Debt Consolidation,Debt Loan,N
LP002288,Male,Yes,2,Not Graduate,No,12800,2889,15689,12800,Short Term,17.6,Urban,MORTGAGE,Debt Consolidation,Debt Consolidation Loan,N
LP002296,Male,No,0,Not Graduate,No,25000,2755,27755,25000,Short Term,22,Rural,MORTGAGE,Home Improvements,The light,N
LP002297,Male,No,0,Graduate,No,10000,2500,12500,10000,Short Term,18.6,Semiurban,RENT,Debt Consolidation,new start,Y
LP002300,Female,No,0,Not Graduate,No,28800,1963,30763,28800,Short Term,18,Semiurban,MORTGAGE,Educational Expenses,Condo,Y
LP002301,Female,No,0,Graduate,Yes,35000,7441,42441,35000,Short Term,11.4,Rural,MORTGAGE,Debt Consolidation,C/C Consolidation Loan,N
LP002305,Female,No,0,Graduate,No,8000,4547,12547,8000,Short Term,19.6,Semiurban,RENT,Debt Consolidation,Freedom Consolidation,Y
LP002308,Male,Yes,0,Not Graduate,No,25000,2167,27167,25000,Long Term,23,Urban,MORTGAGE,Debt Consolidation,Credit Card Refinance,Y
LP002314,Female,No,0,Not Graduate,No,8000,2213,10213,8000,Short Term,31.3,Rural,MORTGAGE,Debt Consolidation,Debt Consolidation Loan,Y
LP002315,Male,Yes,1,Graduate,No,11200,8300,19500,11200,Short Term,41.4,Semiurban,MORTGAGE,Debt Consolidation,Debt Free Forever,N
LP002317,Male,Yes,3,Graduate,No,5400,81000,86400,5400,Short Term,23.7,Rural,RENT,Home Improvements,Refi,N
LP002318,Female,No,1,Not Graduate,Yes,8400,3867,12267,8400,Long Term,14,Semiurban,OWN,Home Improvements,Bills,N
LP002319,Male,Yes,0,Graduate,,5600,6256,11856,5600,Short Term,22.3,Urban,RENT,Debt Consolidation,Debt Consolidation,Y
LP002328,Male,Yes,0,Not Graduate,No,10500,6096,16596,10500,Short Term,12.2,Rural,RENT,Buy a Car,Personal ,N
LP002332,Male,Yes,0,Not Graduate,No,32000,2253,34253,32000,Short Term,9.6,Rural,RENT,Debt Consolidation,Debt Consolidation Loan,Y
LP002335,Female,Yes,0,Not Graduate,No,17000,2149,19149,17000,Short Term,13.2,Semiurban,RENT,Debt Consolidation,Debt Consolidation,N
LP002337,Female,No,0,Graduate,No,20400,2995,23395,20400,Long Term,16.3,Urban,RENT,Debt Consolidation,Credit Card Loan,Y
LP002341,Female,No,1,Graduate,No,4000,2600,6600,4000,Short Term,35.3,Urban,MORTGAGE,Debt Consolidation,CCConsolidation,N
LP002342,Male,Yes,2,Graduate,Yes,24925,1600,26525,24925,Long Term,14.8,Urban,MORTGAGE,Home Improvements,Debt Consolidation Loan,N
LP002345,Male,Yes,0,Graduate,No,20000,1025,21025,20000,Long Term,16.4,Rural,MORTGAGE,Debt Consolidation,home improvement,Y
LP002347,Male,Yes,0,Graduate,No,10000,3246,13246,10000,Short Term,18.3,Semiurban,MORTGAGE,Debt Consolidation,Consolidate,Y
LP002348,Male,Yes,0,Graduate,No,12700,5829,18529,12700,Short Term,37.4,Rural,MORTGAGE,Debt Consolidation,Debt Consolidation,Y
LP002357,Female,No,0,Not Graduate,No,4800,2720,7520,4800,Short Term,23,Urban,RENT,Debt Consolidation,Consolidation Facility,N
LP002361,Male,Yes,0,Graduate,No,8000,1820,9820,8000,Short Term,32.1,Urban,RENT,Debt Consolidation,Myloan,Y
LP002362,Male,Yes,1,Graduate,No,20000,7250,27250,20000,Short Term,20.1,Urban,RENT,Other,Debt Free,N
LP002364,Male,Yes,0,Graduate,No,26375,14880,41255,26375,Short Term,9.8,Semiurban,RENT,Debt Consolidation,Debt Consolidation Loan,Y
LP002366,Male,Yes,0,Graduate,No,19125,2666,21791,19125,Long Term,10,Rural,RENT,Debt Consolidation,Personal,Y
LP002367,Female,No,1,Not Graduate,No,5000,4606,9606,5000,Short Term,42.8,Rural,MORTGAGE,Debt Consolidation,Personal Loan,N
LP002368,Male,Yes,2,Graduate,No,18000,5935,23935,18000,Short Term,15.8,Semiurban,MORTGAGE,Take a Trip,loan,Y
LP002369,Male,Yes,0,Graduate,No,2400,2920,5320,2400,Short Term,15,Rural,MORTGAGE,Other,roof,Y
LP002370,Male,No,0,Not Graduate,No,14075,2717,16792,14075,Long Term,26,Urban,MORTGAGE,Debt Consolidation,debt consolidation,Y
LP002377,Female,No,1,Graduate,Yes,20000,8624,28624,20000,Long Term,23.6,Semiurban,MORTGAGE,small_business,Debt Consolidation Loan,Y
LP002379,Male,No,0,Graduate,No,18000,6500,24500,18000,Short Term,8.8,Rural,RENT,other,Debt Consolidation Loan,N
LP002386,Male,No,0,Graduate,,5400,12876,18276,5400,Long Term,13.8,Semiurban,RENT,Home Improvements,Last Loan,Y
LP002387,Male,Yes,0,Graduate,No,30000,2425,32425,30000,Long Term,19.8,Semiurban,RENT,Debt Consolidation,My Freedom loan,Y
LP002390,Male,No,0,Graduate,No,35000,3750,38750,35000,Long Term,15.3,Urban,MORTGAGE,Home Improvements,Debt Solution,Y
LP002393,Female,,,Graduate,No,12900,10047,22947,12900,Short Term,9.9,Semiurban,RENT,Debt Consolidation,debt free,Y
LP002398,Male,No,0,Graduate,No,18000,1926,19926,18000,Short Term,17.9,Semiurban,RENT,Debt Consolidation,Credit card debt,Y
LP002401,Male,Yes,0,Graduate,No,6000,2213,8213,6000,Short Term,16.1,Urban,RENT,Debt Consolidation,Credit Card Loan,Y
LP002403,Male,No,0,Graduate,Yes,11000,10416,21416,11000,Short Term,14.4,Urban,MORTGAGE,other,Short Term Loan,N
LP002407,Female,Yes,0,Not Graduate,Yes,6400,7142,13542,6400,Short Term,27.6,Rural,MORTGAGE,Debt Consolidation,do over,Y
LP002408,Male,No,0,Graduate,No,35000,3660,38660,35000,Short Term,18.8,Semiurban,RENT,Debt Consolidation,betterrate,Y
LP002409,Male,Yes,0,Graduate,No,15000,7901,22901,15000,Short Term,14.4,Rural,MORTGAGE,Educational Expenses,Debt Consolidation Loan,Y
LP002418,Male,No,3,Not Graduate,No,15000,4707,19707,15000,Short Term,10.7,Semiurban,MORTGAGE,Debt Consolidation,personal loan,Y
LP002422,Male,No,1,Graduate,No,10700,37719,48419,10700,Short Term,13,Semiurban,RENT,Other,CC Refinance,Y
LP002424,Male,Yes,0,Graduate,No,35000,7333,42333,35000,Short Term,18.8,Rural,RENT,Debt Consolidation,Pay Bills,Y
LP002429,Male,Yes,1,Graduate,Yes,15000,3466,18466,15000,Long Term,16.9,Rural,MORTGAGE,other,Debt Consolidation,Y
LP002434,Male,Yes,2,Not Graduate,No,3600,4652,8252,3600,Short Term,28.8,Rural,MORTGAGE,Debt Consolidation,Credit Card,Y
LP002435,Male,Yes,0,Graduate,,4000,3539,7539,4000,Long Term,22.6,Rural,MORTGAGE,Debt Consolidation,Debt Consolidation,N
LP002443,Male,Yes,2,Graduate,No,5375,3340,8715,5375,Short Term,35.9,Rural,RENT,Debt Consolidation,MONEY TREE,N
LP002444,Male,No,1,Not Graduate,Yes,2000,2769,4769,2000,Short Term,26.2,Semiurban,MORTGAGE,Debt Consolidation,Credit Consolidation,N
LP002446,Male,Yes,2,Not Graduate,No,12000,2309,14309,12000,Short Term,15.6,Rural,RENT,Debt Consolidation,Pay Off Debt,N
LP002447,Male,Yes,2,Not Graduate,No,10000,1958,11958,10000,Short Term,14.1,Urban,OWN,Debt Consolidation,Credit Card,Y
LP002448,Male,Yes,0,Graduate,No,14000,3948,17948,14000,Long Term,17.9,Rural,MORTGAGE,Other,medical,N
LP002449,Male,Yes,0,Graduate,No,6050,2483,8533,6050,Short Term,16.6,Rural,MORTGAGE,Debt Consolidation,Debt Consolidation,Y
LP002453,Male,No,0,Graduate,Yes,21000,7085,28085,21000,Short Term,9.2,Semiurban,RENT,Debt Consolidation,Debt Consolidation,Y
LP002455,Male,Yes,2,Graduate,No,5600,3859,9459,5600,Short Term,19.2,Semiurban,MORTGAGE,Debt Consolidation,Credit Card,Y
LP002459,Male,Yes,0,Graduate,No,30750,4301,35051,30750,Short Term,34.6,Urban,MORTGAGE,Debt Consolidation,Rod Family Finance ,Y
LP002467,Male,Yes,0,Graduate,No,25000,3708,28708,25000,Long Term,19.4,Urban,MORTGAGE,Debt Consolidation,Debt Consolidation,N
LP002472,Male,No,2,Graduate,No,5225,4354,9579,5225,Short Term,12.1,Rural,RENT,Debt Consolidation,2012 New Beginnings,Y
LP002473,Male,Yes,0,Graduate,No,35000,8334,43334,35000,Short Term,20.9,Semiurban,OWN,Home Improvements,Debt relief ,N
LP002478,,Yes,0,Graduate,Yes,5200,2083,7283,5200,Long Term,30.8,Semiurban,MORTGAGE,Buy a Car,Miscellaneous,Y
LP002484,Male,Yes,3,Graduate,No,16000,7740,23740,16000,Short Term,16,Urban,RENT,Debt Consolidation,Personal Loan,Y
LP002487,Male,Yes,0,Graduate,No,28000,3015,31015,28000,Short Term,14.7,Rural,RENT,Debt Consolidation,Credit Card Consolidation,Y
LP002489,Female,No,1,Not Graduate,,10000,5191,15191,10000,Long Term,14.4,Semiurban,MORTGAGE,Debt Consolidation,Hot tub,Y
LP002493,Male,No,0,Graduate,No,5050,4166,9216,5050,Short Term,36.5,Semiurban,MORTGAGE,Debt Consolidation,Lending Club,N
LP002494,Male,No,0,Graduate,No,10000,6000,16000,10000,Short Term,20.9,Rural,MORTGAGE,Debt Consolidation,Motorcycle,Y
LP002500,Male,Yes,3,Not Graduate,No,6000,2947,8947,6000,Short Term,22.2,Urban,RENT,other,Short-Term Business Loan,N
LP002501,,Yes,0,Graduate,No,20000,16692,36692,20000,Short Term,14.7,Semiurban,MORTGAGE,Buy House,my plan,Y
LP002502,Female,Yes,2,Not Graduate,,35000,210,35210,35000,Short Term,17,Semiurban,RENT,Debt Consolidation,debt consolidation,Y
LP002505,Male,Yes,0,Graduate,No,8725,4333,13058,8725,Short Term,19.8,Urban,MORTGAGE,Debt Consolidation,Credit Card Consolidation,N
LP002515,Male,Yes,1,Graduate,Yes,14000,3450,17450,14000,Short Term,15,Semiurban,RENT,Debt Consolidation,Personal Loan,Y
LP002517,Male,Yes,1,Not Graduate,No,7750,2653,10403,7750,Short Term,20.4,Rural,RENT,Debt Consolidation,Renovation loan,N
LP002519,Male,Yes,3,Graduate,No,3500,4691,8191,3500,Short Term,22.1,Semiurban,MORTGAGE,Debt Consolidation,Bill loan,Y
LP002522,Female,No,0,Graduate,Yes,6000,2500,8500,6000,Short Term,21.8,Urban,RENT,Debt Consolidation,FREEDOM,Y
LP002524,Male,No,2,Graduate,No,14300,5532,19832,14300,Short Term,16.2,Rural,RENT,Debt Consolidation,Personal Investment Loan,Y
LP002527,Male,Yes,2,Graduate,Yes,16000,16525,32525,16000,Long Term,22.5,Rural,MORTGAGE,Debt Consolidation,Lower My Overall Interest Rate ,Y
LP002529,Male,Yes,2,Graduate,No,23600,6700,30300,23600,Short Term,15,Semiurban,RENT,Home Improvements,PAYOFF,Y
LP002530,,Yes,2,Graduate,No,6000,2873,8873,6000,Long Term,9.6,Semiurban,MORTGAGE,Debt Consolidation,Debt Consolidation Loan,N
LP002531,Male,Yes,1,Graduate,Yes,4200,16667,20867,4200,Long Term,16.7,Semiurban,RENT,Debt Consolidation,Loan 1,Y
LP002533,Male,Yes,2,Graduate,No,12075,2947,15022,12075,Short Term,17.5,Urban,RENT,Debt Consolidation,Debt Consolidation Loan,N
LP002534,Female,No,0,Not Graduate,No,7050,4350,11400,7050,Long Term,10.5,Rural,RENT,Debt Consolidation,Pay off Chase,Y
LP002536,Male,Yes,3,Not Graduate,No,7000,3095,10095,7000,Short Term,14.5,Rural,RENT,Debt Consolidation,Debt Consolidation Loan,Y
LP002537,Male,Yes,0,Graduate,No,28000,2083,30083,28000,Long Term,15.1,Semiurban,MORTGAGE,Debt Consolidation,Debt Consolidation Loan,Y
LP002541,Male,Yes,0,Graduate,No,19350,10833,30183,19350,Short Term,36.8,Semiurban,RENT,Home Improvements,unique,Y
LP002543,Male,Yes,2,Graduate,No,18000,8333,26333,18000,Short Term,11,Semiurban,OWN,Debt Consolidation,Truck repair,Y
LP002544,Male,Yes,1,Not Graduate,No,35000,1958,36958,35000,Short Term,10.5,Rural,RENT,Debt Consolidation,Fixin my apartment,Y
LP002545,Male,No,2,Graduate,No,22000,3547,25547,22000,Short Term,13.8,Rural,MORTGAGE,Debt Consolidation,Debt refinance,N
LP002547,Male,Yes,1,Graduate,No,2400,18333,20733,2400,Long Term,21.5,Urban,MORTGAGE,Debt Consolidation,Debt Consolidation Loan,N
LP002555,Male,Yes,2,Graduate,Yes,5000,4583,9583,5000,Short Term,12,Semiurban,RENT,Buy a Car,personnel,Y
LP002556,Male,No,0,Graduate,No,11200,2435,13635,11200,Short Term,11.1,Urban,RENT,Debt Consolidation,Debt Consolidation,N
LP002560,Male,No,0,Not Graduate,No,12000,2699,14699,12000,Short Term,23,Semiurban,RENT,Debt Consolidation,Debt Consolidation Loan,Y
LP002562,Male,Yes,1,Not Graduate,No,12500,5333,17833,12500,Short Term,7.5,Urban,RENT,Debt Consolidation,anto cc,Y
LP002571,Male,No,0,Not Graduate,No,3200,3691,6891,3200,Long Term,26.3,Rural,MORTGAGE,Debt Consolidation,Debt Consolidation Loan,Y
LP002582,Female,No,0,Not Graduate,Yes,6400,17263,23663,6400,Short Term,14.9,Semiurban,MORTGAGE,Debt Consolidation,Loan Payoff and Home Improvement,Y
LP002585,Male,Yes,0,Graduate,No,4800,3597,8397,4800,Long Term,16.2,Rural,OWN,Debt Consolidation,Home and car repair,N
LP002586,Female,Yes,1,Graduate,No,22400,3326,25726,22400,Short Term,13.6,Semiurban,MORTGAGE,Debt Consolidation,Debt Consolidation Loan,Y
LP002587,Male,Yes,0,Not Graduate,No,23350,2600,25950,23350,Short Term,22,Rural,OWN,other,FREEDOM debt,Y
LP002588,Male,Yes,0,Graduate,No,30000,4625,34625,30000,Short Term,19.7,Urban,RENT,Debt Consolidation,Citicard,Y
LP002600,Male,Yes,1,Graduate,Yes,18000,2895,20895,18000,Short Term,9.6,Semiurban,RENT,other,Consolidation,Y
LP002602,Male,No,0,Graduate,No,21000,6283,27283,21000,Short Term,18.7,Rural,OWN,Debt Consolidation,Debt Consolidation,N
LP002603,Female,No,0,Graduate,No,11600,645,12245,11600,Short Term,18,Rural,MORTGAGE,Debt Consolidation,Debt Consolidation,Y
LP002606,Female,No,0,Graduate,No,24000,3159,27159,24000,Long Term,25,Semiurban,MORTGAGE,Debt Consolidation,payoff credit card,Y
LP002615,Male,Yes,2,Graduate,No,3000,4865,7865,3000,Short Term,12.8,Semiurban,RENT,Debt Consolidation,Pay Personal Loans,Y
LP002618,Male,Yes,1,Not Graduate,No,11000,4050,15050,11000,Long Term,16.4,Rural,RENT,Debt Consolidation,DEBTCON,N
LP002619,Male,Yes,0,Not Graduate,No,20000,3814,23814,20000,Short Term,20.2,Semiurban,RENT,Debt Consolidation,debt consolidation loan,Y
LP002622,Male,Yes,2,Graduate,No,14000,3510,17510,14000,Short Term,21.9,Rural,RENT,Debt Consolidation,Refinance,Y
LP002624,Male,Yes,0,Graduate,No,18550,20833,39383,18550,Short Term,12.4,Urban,MORTGAGE,Debt Consolidation,debt consolidation,Y
LP002625,,No,0,Graduate,No,3000,3583,6583,3000,Short Term,10.1,Urban,RENT,Debt Consolidation,Debt Consolidation,N
LP002626,Male,Yes,0,Graduate,Yes,5500,2479,7979,5500,Short Term,14.9,Urban,MORTGAGE,Debt Consolidation,DEBT PAYOFF,Y
LP002634,Female,No,1,Graduate,No,5400,13262,18662,5400,Short Term,18,Urban,RENT,Debt Consolidation,Debt consolidation,Y
LP002637,Male,No,0,Not Graduate,No,3875,3598,7473,3875,Short Term,23.1,Rural,RENT,Debt Consolidation,Credit Card,N
LP002640,Male,Yes,1,Graduate,No,16000,6065,22065,16000,Short Term,7.8,Semiurban,RENT,Debt Consolidation,Consolidation Loan December 2011,Y
LP002643,Male,Yes,2,Graduate,No,3600,3283,6883,3600,Short Term,19.5,Urban,MORTGAGE,Debt Consolidation,Debt Consolidation,Y
LP002648,Male,Yes,0,Graduate,No,7750,2130,9880,7750,Short Term,31.5,Semiurban,RENT,Medical Bills,2400,N
LP002652,Male,No,0,Graduate,No,17000,5815,22815,17000,Long Term,21.2,Rural,RENT,Debt Consolidation,"Debt-Paying, Wife-Helping",N
LP002659,Male,Yes,3,Graduate,No,15000,3466,18466,15000,Long Term,30.7,Rural,OWN,other,Debt Consolidation,Y
LP002670,Female,Yes,2,Graduate,No,6000,2031,8031,6000,Short Term,15.7,Semiurban,MORTGAGE,Debt Consolidation,Debt Consolidation,Y
LP002682,Male,Yes,,Not Graduate,No,31200,3074,34274,31200,Short Term,14,Semiurban,RENT,Debt Consolidation,debt freedom,N
LP002683,Male,No,0,Graduate,No,15000,4683,19683,15000,Short Term,14.4,Semiurban,RENT,Debt Consolidation,Consolidation,N
LP002684,Female,No,0,Not Graduate,No,22400,3400,25800,22400,Long Term,15.9,Rural,RENT,Debt Consolidation,Credit Card,N
LP002689,Male,Yes,2,Not Graduate,No,12000,2192,14192,12000,Short Term,19.9,Semiurban,MORTGAGE,Debt Consolidation,Remodel,Y
LP002690,Male,No,0,Graduate,No,11125,2500,13625,11125,Short Term,15.9,Semiurban,RENT,Debt Consolidation,Moving,Y
LP002692,Male,Yes,3,Graduate,Yes,30000,5677,35677,30000,Short Term,13.8,Rural,OWN,Debt Consolidation,Debt,Y
LP002693,Male,Yes,2,Graduate,Yes,8000,7948,15948,8000,Short Term,22.7,Rural,RENT,other,Debt Consolidation,Y
LP002697,Male,No,0,Graduate,No,16575,4680,21255,16575,Long Term,22.1,Semiurban,RENT,Debt Consolidation,Credit Card Loan,N
LP002699,Male,Yes,2,Graduate,Yes,8400,17500,25900,8400,Short Term,16.3,Rural,RENT,Debt Consolidation,Debt Consolidation,Y
LP002705,Male,Yes,0,Graduate,No,14400,3775,18175,14400,Short Term,26.7,Semiurban,RENT,Debt Consolidation,home improvement,Y
LP002706,Male,Yes,1,Not Graduate,No,35000,5285,40285,35000,Short Term,9.3,Semiurban,MORTGAGE,Debt Consolidation,Debt consolidation,Y
LP002714,Male,No,1,Not Graduate,No,16000,2679,18679,16000,Short Term,18.9,Semiurban,MORTGAGE,Debt Consolidation,Home Improvement,Y
LP002716,Male,No,0,Not Graduate,No,10000,6783,16783,10000,Short Term,15.4,Semiurban,OWN,Debt Consolidation,Pay off High Interest Credit Cards,Y
LP002717,Male,Yes,0,Graduate,No,8000,1025,9025,8000,Long Term,16.1,Rural,RENT,Business Loan,CleanUpCC,Y
LP002720,Male,Yes,3,Graduate,No,34475,4281,38756,34475,Long Term,10.1,Urban,MORTGAGE,Debt Consolidation,Excellent Payment History Borrower,Y
LP002723,Male,No,2,Graduate,No,15000,3588,18588,15000,Long Term,40.8,Rural,RENT,Debt Consolidation,mortgage,N
LP002729,Male,No,1,Graduate,No,4700,11250,15950,4700,Short Term,10.9,Semiurban,RENT,Debt Consolidation,Debt Consolidation,N
LP002731,Female,No,0,Not Graduate,Yes,12000,18165,30165,12000,Short Term,16.9,Urban,MORTGAGE,Debt Consolidation,Home Improvement,Y
LP002732,Male,No,0,Not Graduate,,12000,2550,14550,12000,Short Term,10.4,Rural,RENT,other,Debt Consolidation,Y
LP002734,Male,Yes,0,Graduate,No,17775,6133,23908,17775,Short Term,10.8,Urban,MORTGAGE,Debt Consolidation,Debt Consolidation,Y
LP002738,Male,No,2,Graduate,No,12600,3617,16217,12600,Short Term,8,Semiurban,RENT,Take a Trip,Debt Consolidation Loan,Y
LP002739,Male,Yes,0,Not Graduate,No,10875,2917,13792,10875,Long Term,13.6,Rural,MORTGAGE,Debt Consolidation,CC Consolidation,N
LP002740,Male,Yes,3,Graduate,No,30000,6417,36417,30000,Long Term,28.6,Rural,RENT,Debt Consolidation,Consolidation Loan,Y
LP002741,Female,Yes,1,Graduate,No,13000,4608,17608,13000,Short Term,23.7,Semiurban,RENT,other,Creating More Space,Y
LP002743,Female,No,0,Graduate,No,7000,2138,9138,7000,Short Term,15.9,Semiurban,RENT,Debt Consolidation,Debt Consolidation,N
LP002753,Female,No,1,Graduate,,10800,3652,14452,10800,Short Term,19.9,Semiurban,OWN,Debt Consolidation,My CC consolidation loan,Y
LP002755,Male,Yes,1,Not Graduate,No,12800,2239,15039,12800,Long Term,24.5,Urban,MORTGAGE,Debt Consolidation,Consolidation Loan,Y
LP002757,Female,Yes,0,Not Graduate,No,14400,3017,17417,14400,Short Term,11.8,Semiurban,RENT,Debt Consolidation,refi,Y
LP002767,Male,Yes,0,Graduate,No,15000,2768,17768,15000,Long Term,25.4,Rural,RENT,Debt Consolidation,Debt Consolidation,Y
LP002768,Male,No,0,Not Graduate,No,12000,3358,15358,12000,Short Term,22.5,Semiurban,RENT,major_purchase,Consolidation,N
LP002772,Male,No,0,Graduate,No,15000,2526,17526,15000,Short Term,24.9,Rural,RENT,Debt Consolidation,Car,Y
LP002776,Female,No,0,Graduate,No,5000,5000,10000,5000,Short Term,11.4,Semiurban,RENT,Debt Consolidation,Debt Consolidation,N
LP002777,Male,Yes,0,Graduate,No,20000,2785,22785,20000,Short Term,18.8,Rural,RENT,Debt Consolidation,auto payoff,Y
LP002778,Male,Yes,2,Graduate,Yes,12000,6633,18633,12000,Short Term,16.7,Rural,RENT,Debt Consolidation,Debt Consolidation,N
LP002784,Male,Yes,1,Not Graduate,No,24000,2492,26492,24000,Short Term,5.4,Rural,RENT,Other,Debt At One Place,Y
LP002785,Male,Yes,1,Graduate,No,20000,3333,23333,20000,Long Term,26,Urban,RENT,Home Improvements,Credit Card Consolodation Loan,Y
LP002788,Male,Yes,0,Not Graduate,No,8000,2454,10454,8000,Short Term,14.1,Urban,MORTGAGE,Debt Consolidation,CC Consolidation,N
LP002789,Male,Yes,0,Graduate,No,8000,3593,11593,8000,Long Term,16.4,Rural,MORTGAGE,Debt Consolidation,Debt Consolidation,N
LP002792,Male,Yes,1,Graduate,No,10000,5468,15468,10000,Long Term,13.1,Semiurban,MORTGAGE,Debt Consolidation,car repair and home improvement,Y
LP002794,Female,No,0,Graduate,No,10000,2667,12667,10000,Short Term,19.8,Urban,MORTGAGE,Debt Consolidation,Other,Y
LP002795,Male,Yes,3,Graduate,Yes,13000,10139,23139,13000,Short Term,9.7,Semiurban,RENT,Debt Consolidation,Car,Y
LP002798,Male,Yes,0,Graduate,No,10250,3887,14137,10250,Short Term,9.2,Semiurban,RENT,Home Improvements,Vacation,Y
LP002804,Female,Yes,0,Graduate,No,17000,4180,21180,17000,Long Term,13.5,Semiurban,RENT,Debt Consolidation,Credit cards bills,Y
LP002807,Male,Yes,2,Not Graduate,No,13000,3675,16675,13000,Short Term,17.5,Semiurban,MORTGAGE,Debt Consolidation,Home Improvement,Y
LP002813,Female,Yes,1,Graduate,Yes,23000,19484,42484,23000,Long Term,16.3,Semiurban,RENT,Debt Consolidation,Wedding planning loan,Y
LP002820,Male,Yes,0,Graduate,No,14000,5923,19923,14000,Short Term,31.2,Rural,MORTGAGE,Home Improvements,Seed money for educational foundation,Y
LP002821,Male,No,0,Not Graduate,Yes,12000,5800,17800,12000,Long Term,13.7,Semiurban,MORTGAGE,Debt Consolidation,Other,Y
LP002832,Male,Yes,2,Graduate,No,7350,8799,16149,7350,Short Term,17.3,Urban,RENT,Debt Consolidation,Credit Card Payoff,N
LP002833,Male,Yes,0,Not Graduate,No,15000,4467,19467,15000,Short Term,33,Rural,MORTGAGE,Debt Consolidation,debt consolidation,Y
LP002836,Male,No,0,Graduate,No,15000,3333,18333,15000,Short Term,31.5,Urban,RENT,Debt Consolidation,debt consolidation,Y
LP002837,Male,Yes,3,Graduate,No,20000,3400,23400,20000,Long Term,41.4,Rural,MORTGAGE,Debt Consolidation,Loan to Fix Carpet,N
LP002840,Female,No,0,Graduate,No,15000,2378,17378,15000,Long Term,10.4,Urban,RENT,Debt Consolidation,One main loan ,N
LP002841,Male,Yes,0,Graduate,No,15000,3166,18166,15000,Short Term,21.8,Urban,MORTGAGE,Home Improvements,major purchase,N
LP002842,Male,Yes,1,Graduate,No,15000,3417,18417,15000,Short Term,13.9,Urban,MORTGAGE,Debt Consolidation,DebtConsol,Y
LP002847,Male,Yes,,Graduate,No,5200,5116,10316,5200,Short Term,20.5,Urban,RENT,Debt Consolidation,Debt Consolidation,N
LP002855,Male,Yes,2,Graduate,No,18000,16666,34666,18000,Long Term,16.5,Urban,MORTGAGE,Debt Consolidation,Credit Card Interest Rates No More!!!,Y
LP002862,Male,Yes,2,Not Graduate,No,12000,6125,18125,12000,Short Term,16.5,Semiurban,RENT,Debt Consolidation,Refinance time,N
LP002863,Male,Yes,3,Graduate,No,7000,6406,13406,7000,Short Term,14.2,Semiurban,MORTGAGE,Debt Consolidation,Credit Card,N
LP002868,Male,Yes,2,Graduate,No,12000,3159,15159,12000,Short Term,21.9,Urban,MORTGAGE,Debt Consolidation,Debt Consolidation,Y
LP002872,,Yes,0,Graduate,No,12000,3087,15087,12000,Short Term,14.3,Semiurban,RENT,Home Improvements,personal,N
LP002874,Male,No,0,Graduate,No,10750,3229,13979,10750,Short Term,8.1,Urban,RENT,Other,Credit Card Payment,Y
LP002877,Male,Yes,1,Graduate,No,10000,1782,11782,10000,Long Term,48.9,Rural,MORTGAGE,Debt Consolidation,REFINANCE,Y
LP002888,Male,No,0,Graduate,,35000,3182,38182,35000,Long Term,19.8,Urban,MORTGAGE,Debt Consolidation,Debt Consolidation,Y
LP002892,Male,Yes,2,Graduate,No,8500,6540,15040,8500,Long Term,12.9,Semiurban,MORTGAGE,Home Improvements,Debt consolidation,Y
LP002893,Male,No,0,Graduate,No,3000,1836,4836,3000,Short Term,45,Urban,MORTGAGE,Debt Consolidation,Medical ,N
LP002894,Female,Yes,0,Graduate,No,7200,3166,10366,7200,Long Term,14,Semiurban,OWN,Debt Consolidation,debt consolidation,Y
LP002898,Male,Yes,1,Graduate,No,6000,1880,7880,6000,Short Term,13.5,Rural,OWN,Debt Consolidation,Debt Consolidation,N
LP002911,Male,Yes,1,Graduate,No,35000,2787,37787,35000,Short Term,19.8,Rural,RENT,Debt Consolidation,Discover payoff,N
LP002912,Male,Yes,1,Graduate,No,30000,4283,34283,30000,Short Term,8,Rural,RENT,Debt Consolidation,CC/Car,N
LP002916,Male,Yes,0,Graduate,No,15000,2297,17297,15000,Short Term,25.7,Urban,RENT,Debt Consolidation,For My Vacation,Y
LP002917,Female,No,0,Not Graduate,No,23500,2165,25665,23500,Long Term,21,Semiurban,MORTGAGE,Home Improvements,Dad's care,Y
LP002925,,No,0,Graduate,No,35000,4750,39750,35000,Long Term,13.9,Semiurban,MORTGAGE,Debt Consolidation,Medical Leave - Household Expenses,Y
LP002926,Male,Yes,2,Graduate,Yes,12000,2726,14726,12000,Short Term,23,Semiurban,RENT,Debt Consolidation,line of credit,N
LP002928,Male,Yes,0,Graduate,No,8000,3000,11000,8000,Short Term,12.3,Semiurban,OWN,Home Improvements,Personal,Y
LP002931,Male,Yes,2,Graduate,Yes,7000,6000,13000,7000,Long Term,16,Semiurban,OWN,Debt Consolidation,No more debt!!!,N
LP002933,,No,3,Graduate,Yes,31000,9357,40357,31000,Long Term,26.4,Semiurban,MORTGAGE,Debt Consolidation,Debt Consolidation,Y
LP002936,Male,Yes,0,Graduate,No,18000,3859,21859,18000,Short Term,29,Rural,RENT,Debt Consolidation,Credit refinance,Y
LP002938,Male,Yes,0,Graduate,Yes,33000,16120,49120,33000,Long Term,12.1,Urban,MORTGAGE,Debt Consolidation,Major Purchase,Y
LP002940,Male,No,0,Not Graduate,No,18000,3833,21833,18000,Short Term,16.5,Rural,RENT,Debt Consolidation,End of year loan,Y
LP002941,Male,Yes,2,Not Graduate,Yes,35000,6383,41383,35000,Short Term,18.2,Rural,RENT,Debt Consolidation,debt consolidation,N
LP002943,Male,No,,Graduate,No,11000,2987,13987,11000,Long Term,22.3,Semiurban,RENT,Debt Consolidation,bye bye credit cards,N
LP002945,Male,Yes,0,Graduate,Yes,9000,9963,18963,9000,Short Term,16.2,Rural,RENT,Debt Consolidation,Hello,Y
LP002948,Male,Yes,2,Graduate,No,14000,5780,19780,14000,Short Term,12.7,Urban,RENT,Debt Consolidation,car,Y
LP002949,Female,No,3,Graduate,,9600,416,10016,9600,Long Term,22.6,Urban,MORTGAGE,Debt Consolidation,Pay Medical Bills,N
LP002950,Male,Yes,0,Not Graduate,,5875,2894,8769,5875,Short Term,11.2,Rural,RENT,Business Loan,Purchase,Y
LP002953,Male,Yes,3,Graduate,No,18000,5703,23703,18000,Short Term,20.5,Urban,RENT,Debt Consolidation,36 Months to Freedom,Y
LP002958,Male,No,0,Graduate,No,10000,3676,13676,10000,Short Term,14,Rural,MORTGAGE,Debt Consolidation,Home Improvement Loan,Y
LP002959,Female,Yes,1,Graduate,No,20000,12000,32000,20000,Long Term,16,Semiurban,RENT,Debt Consolidation,Debt Consolidation,Y
LP002960,Male,Yes,0,Not Graduate,No,21600,2400,24000,21600,Long Term,22.1,Urban,MORTGAGE,Debt Consolidation,2012 Pay Off,N
LP002961,Male,Yes,1,Graduate,No,9500,3400,12900,9500,Long Term,16.1,Semiurban,MORTGAGE,Debt Consolidation,credit card pay off,Y
LP002964,Male,Yes,2,Not Graduate,No,10000,3987,13987,10000,Short Term,13.8,Rural,MORTGAGE,Debt Consolidation,Credit Card,Y
LP002974,Male,Yes,0,Graduate,No,15000,3232,18232,15000,Short Term,22.8,Rural,RENT,Debt Consolidation,Credit Card,Y
LP002978,Female,No,0,Graduate,No,12800,2900,15700,12800,Short Term,15.9,Rural,MORTGAGE,Debt Consolidation,Consolidate Credit Card Debt,Y
LP002979,Male,Yes,3,Graduate,No,8000,4106,12106,8000,Short Term,12,Rural,RENT,Debt Consolidation,debt consolidation,Y
LP002983,Male,Yes,1,Graduate,No,6300,8072,14372,6300,Short Term,19.2,Urban,RENT,Debt Consolidation,Credit Card Loan,Y
LP002984,Male,Yes,2,Graduate,No,5600,7583,13183,5600,Short Term,32.9,Urban,RENT,Debt Consolidation,Other,Y
LP002990,Female,No,0,Graduate,Yes,4583,4583,9166,7500,Short Term,0,Semiurban,RENT,Debt Consolidation,Personal,N
